anno,codice_provinciauts,delitto,valore_commessi,valore_vittime
2019,002,ATTI PERSECUTORI,44,34
2019,002,MALTRATTAMENTI CONTRO FAMILIARI E CONVIVENTI,86,77
2019,003,ATTI PERSECUTORI,90,60
2019,003,MALTRATTAMENTI CONTRO FAMILIARI E CONVIVENTI,134,121
2019,004,ATTI PERSECUTORI,89,74
2019,004,MALTRATTAMENTI CONTRO FAMILIARI E CONVIVENTI,111,97
2019,005,ATTI PERSECUTORI,38,33
2019,005,MALTRATTAMENTI CONTRO FAMILIARI E CONVIVENTI,77,69
2019,006,ATTI PERSECUTORI,87,72
2019,006,MALTRATTAMENTI CONTRO FAMILIARI E CONVIVENTI,119,99
2019,007,ATTI PERSECUTORI,20,13
2019,007,MALTRATTAMENTI CONTRO FAMILIARI E CONVIVENTI,18,12
2019,008,ATTI PERSECUTORI,76,61
2019,008,MALTRATTAMENTI CONTRO FAMILIARI E CONVIVENTI,64,59
2019,009,ATTI PERSECUTORI,88,50
2019,009,MALTRATTAMENTI CONTRO FAMILIARI E CONVIVENTI,84,76
2019,011,ATTI PERSECUTORI,43,31
2019,011,MALTRATTAMENTI CONTRO FAMILIARI E CONVIVENTI,34,28
2019,012,ATTI PERSECUTORI,195,153
2019,012,MALTRATTAMENTI CONTRO FAMILIARI E CONVIVENTI,246,216
2019,013,ATTI PERSECUTORI,111,92
2019,013,MALTRATTAMENTI CONTRO FAMILIARI E CONVIVENTI,169,135
2019,014,ATTI PERSECUTORI,61,46
2019,014,MALTRATTAMENTI CONTRO FAMILIARI E CONVIVENTI,38,33
2019,016,ATTI PERSECUTORI,224,161
2019,016,MALTRATTAMENTI CONTRO FAMILIARI E CONVIVENTI,418,362
2019,017,ATTI PERSECUTORI,238,188
2019,017,MALTRATTAMENTI CONTRO FAMILIARI E CONVIVENTI,274,255
2019,018,ATTI PERSECUTORI,92,70
2019,018,MALTRATTAMENTI CONTRO FAMILIARI E CONVIVENTI,165,133
2019,019,ATTI PERSECUTORI,52,49
2019,019,MALTRATTAMENTI CONTRO FAMILIARI E CONVIVENTI,80,73
2019,020,ATTI PERSECUTORI,81,66
2019,020,MALTRATTAMENTI CONTRO FAMILIARI E CONVIVENTI,128,101
2019,021,ATTI PERSECUTORI,98,76
2019,021,MALTRATTAMENTI CONTRO FAMILIARI E CONVIVENTI,175,171
2019,022,ATTI PERSECUTORI,86,62
2019,022,MALTRATTAMENTI CONTRO FAMILIARI E CONVIVENTI,126,95
2019,023,ATTI PERSECUTORI,149,96
2019,023,MALTRATTAMENTI CONTRO FAMILIARI E CONVIVENTI,220,195
2019,024,ATTI PERSECUTORI,116,96
2019,024,MALTRATTAMENTI CONTRO FAMILIARI E CONVIVENTI,179,148
2019,025,ATTI PERSECUTORI,34,24
2019,025,MALTRATTAMENTI CONTRO FAMILIARI E CONVIVENTI,71,63
2019,026,ATTI PERSECUTORI,104,79
2019,026,MALTRATTAMENTI CONTRO FAMILIARI E CONVIVENTI,148,136
2019,028,ATTI PERSECUTORI,200,146
2019,028,MALTRATTAMENTI CONTRO FAMILIARI E CONVIVENTI,247,214
2019,029,ATTI PERSECUTORI,46,36
2019,029,MALTRATTAMENTI CONTRO FAMILIARI E CONVIVENTI,52,47
2019,030,ATTI PERSECUTORI,73,58
2019,030,MALTRATTAMENTI CONTRO FAMILIARI E CONVIVENTI,72,63
2019,031,ATTI PERSECUTORI,27,19
2019,031,MALTRATTAMENTI CONTRO FAMILIARI E CONVIVENTI,47,41
2019,032,ATTI PERSECUTORI,78,65
2019,032,MALTRATTAMENTI CONTRO FAMILIARI E CONVIVENTI,114,108
2019,033,ATTI PERSECUTORI,54,41
2019,033,MALTRATTAMENTI CONTRO FAMILIARI E CONVIVENTI,109,92
2019,034,ATTI PERSECUTORI,135,108
2019,034,MALTRATTAMENTI CONTRO FAMILIARI E CONVIVENTI,185,155
2019,035,ATTI PERSECUTORI,96,82
2019,035,MALTRATTAMENTI CONTRO FAMILIARI E CONVIVENTI,113,91
2019,036,ATTI PERSECUTORI,144,112
2019,036,MALTRATTAMENTI CONTRO FAMILIARI E CONVIVENTI,164,146
2019,038,ATTI PERSECUTORI,102,76
2019,038,MALTRATTAMENTI CONTRO FAMILIARI E CONVIVENTI,113,98
2019,039,ATTI PERSECUTORI,86,64
2019,039,MALTRATTAMENTI CONTRO FAMILIARI E CONVIVENTI,126,93
2019,040,ATTI PERSECUTORI,71,61
2019,040,MALTRATTAMENTI CONTRO FAMILIARI E CONVIVENTI,118,104
2019,041,ATTI PERSECUTORI,63,39
2019,041,MALTRATTAMENTI CONTRO FAMILIARI E CONVIVENTI,111,95
2019,042,ATTI PERSECUTORI,111,80
2019,042,MALTRATTAMENTI CONTRO FAMILIARI E CONVIVENTI,117,104
2019,043,ATTI PERSECUTORI,53,39
2019,043,MALTRATTAMENTI CONTRO FAMILIARI E CONVIVENTI,62,49
2019,044,ATTI PERSECUTORI,48,36
2019,044,MALTRATTAMENTI CONTRO FAMILIARI E CONVIVENTI,44,42
2019,045,ATTI PERSECUTORI,70,47
2019,045,MALTRATTAMENTI CONTRO FAMILIARI E CONVIVENTI,105,103
2019,046,ATTI PERSECUTORI,78,58
2019,046,MALTRATTAMENTI CONTRO FAMILIARI E CONVIVENTI,123,108
2019,047,ATTI PERSECUTORI,99,87
2019,047,MALTRATTAMENTI CONTRO FAMILIARI E CONVIVENTI,94,80
2019,049,ATTI PERSECUTORI,89,68
2019,049,MALTRATTAMENTI CONTRO FAMILIARI E CONVIVENTI,136,105
2019,050,ATTI PERSECUTORI,77,49
2019,050,MALTRATTAMENTI CONTRO FAMILIARI E CONVIVENTI,105,90
2019,051,ATTI PERSECUTORI,88,64
2019,051,MALTRATTAMENTI CONTRO FAMILIARI E CONVIVENTI,93,79
2019,052,ATTI PERSECUTORI,31,23
2019,052,MALTRATTAMENTI CONTRO FAMILIARI E CONVIVENTI,88,68
2019,053,ATTI PERSECUTORI,67,57
2019,053,MALTRATTAMENTI CONTRO FAMILIARI E CONVIVENTI,91,76
2019,054,ATTI PERSECUTORI,189,151
2019,054,MALTRATTAMENTI CONTRO FAMILIARI E CONVIVENTI,261,217
2019,055,ATTI PERSECUTORI,45,32
2019,055,MALTRATTAMENTI CONTRO FAMILIARI E CONVIVENTI,68,57
2019,056,ATTI PERSECUTORI,103,71
2019,056,MALTRATTAMENTI CONTRO FAMILIARI E CONVIVENTI,139,112
2019,057,ATTI PERSECUTORI,29,20
2019,057,MALTRATTAMENTI CONTRO FAMILIARI E CONVIVENTI,39,28
2019,059,ATTI PERSECUTORI,270,215
2019,059,MALTRATTAMENTI CONTRO FAMILIARI E CONVIVENTI,346,273
2019,060,ATTI PERSECUTORI,187,141
2019,060,MALTRATTAMENTI CONTRO FAMILIARI E CONVIVENTI,159,130
2019,061,ATTI PERSECUTORI,312,224
2019,061,MALTRATTAMENTI CONTRO FAMILIARI E CONVIVENTI,458,314
2019,062,ATTI PERSECUTORI,74,60
2019,062,MALTRATTAMENTI CONTRO FAMILIARI E CONVIVENTI,85,71
2019,064,ATTI PERSECUTORI,221,166
2019,064,MALTRATTAMENTI CONTRO FAMILIARI E CONVIVENTI,206,154
2019,065,ATTI PERSECUTORI,423,332
2019,065,MALTRATTAMENTI CONTRO FAMILIARI E CONVIVENTI,537,445
2019,066,ATTI PERSECUTORI,62,39
2019,066,MALTRATTAMENTI CONTRO FAMILIARI E CONVIVENTI,92,72
2019,067,ATTI PERSECUTORI,102,74
2019,067,MALTRATTAMENTI CONTRO FAMILIARI E CONVIVENTI,135,117
2019,068,ATTI PERSECUTORI,98,69
2019,068,MALTRATTAMENTI CONTRO FAMILIARI E CONVIVENTI,149,133
2019,069,ATTI PERSECUTORI,100,65
2019,069,MALTRATTAMENTI CONTRO FAMILIARI E CONVIVENTI,82,66
2019,070,ATTI PERSECUTORI,56,36
2019,070,MALTRATTAMENTI CONTRO FAMILIARI E CONVIVENTI,102,81
2019,071,ATTI PERSECUTORI,273,196
2019,071,MALTRATTAMENTI CONTRO FAMILIARI E CONVIVENTI,230,188
2019,073,ATTI PERSECUTORI,191,143
2019,073,MALTRATTAMENTI CONTRO FAMILIARI E CONVIVENTI,206,182
2019,074,ATTI PERSECUTORI,131,92
2019,074,MALTRATTAMENTI CONTRO FAMILIARI E CONVIVENTI,136,97
2019,075,ATTI PERSECUTORI,295,204
2019,075,MALTRATTAMENTI CONTRO FAMILIARI E CONVIVENTI,262,196
2019,076,ATTI PERSECUTORI,115,80
2019,076,MALTRATTAMENTI CONTRO FAMILIARI E CONVIVENTI,103,87
2019,077,ATTI PERSECUTORI,72,56
2019,077,MALTRATTAMENTI CONTRO FAMILIARI E CONVIVENTI,69,51
2019,078,ATTI PERSECUTORI,184,135
2019,078,MALTRATTAMENTI CONTRO FAMILIARI E CONVIVENTI,225,178
2019,079,ATTI PERSECUTORI,162,120
2019,079,MALTRATTAMENTI CONTRO FAMILIARI E CONVIVENTI,175,149
2019,081,ATTI PERSECUTORI,174,127
2019,081,MALTRATTAMENTI CONTRO FAMILIARI E CONVIVENTI,215,176
2019,084,ATTI PERSECUTORI,194,126
2019,084,MALTRATTAMENTI CONTRO FAMILIARI E CONVIVENTI,148,131
2019,085,ATTI PERSECUTORI,75,45
2019,085,MALTRATTAMENTI CONTRO FAMILIARI E CONVIVENTI,124,98
2019,086,ATTI PERSECUTORI,66,58
2019,086,MALTRATTAMENTI CONTRO FAMILIARI E CONVIVENTI,81,64
2019,088,ATTI PERSECUTORI,103,87
2019,088,MALTRATTAMENTI CONTRO FAMILIARI E CONVIVENTI,97,89
2019,089,ATTI PERSECUTORI,197,152
2019,089,MALTRATTAMENTI CONTRO FAMILIARI E CONVIVENTI,250,215
2019,090,ATTI PERSECUTORI,145,115
2019,090,MALTRATTAMENTI CONTRO FAMILIARI E CONVIVENTI,167,135
2019,091,ATTI PERSECUTORI,81,60
2019,091,MALTRATTAMENTI CONTRO FAMILIARI E CONVIVENTI,90,75
2019,093,ATTI PERSECUTORI,53,32
2019,093,MALTRATTAMENTI CONTRO FAMILIARI E CONVIVENTI,56,50
2019,094,ATTI PERSECUTORI,24,18
2019,094,MALTRATTAMENTI CONTRO FAMILIARI E CONVIVENTI,26,15
2019,095,ATTI PERSECUTORI,20,16
2019,095,MALTRATTAMENTI CONTRO FAMILIARI E CONVIVENTI,44,38
2019,096,ATTI PERSECUTORI,43,29
2019,096,MALTRATTAMENTI CONTRO FAMILIARI E CONVIVENTI,55,53
2019,097,ATTI PERSECUTORI,48,45
2019,097,MALTRATTAMENTI CONTRO FAMILIARI E CONVIVENTI,94,78
2019,098,ATTI PERSECUTORI,32,27
2019,098,MALTRATTAMENTI CONTRO FAMILIARI E CONVIVENTI,62,50
2019,099,ATTI PERSECUTORI,75,58
2019,099,MALTRATTAMENTI CONTRO FAMILIARI E CONVIVENTI,154,129
2019,100,ATTI PERSECUTORI,46,36
2019,100,MALTRATTAMENTI CONTRO FAMILIARI E CONVIVENTI,89,59
2019,101,ATTI PERSECUTORI,80,63
2019,101,MALTRATTAMENTI CONTRO FAMILIARI E CONVIVENTI,78,66
2019,102,ATTI PERSECUTORI,54,42
2019,102,MALTRATTAMENTI CONTRO FAMILIARI E CONVIVENTI,53,47
2019,103,ATTI PERSECUTORI,76,24
2019,103,MALTRATTAMENTI CONTRO FAMILIARI E CONVIVENTI,22,16
2019,108,ATTI PERSECUTORI,131,98
2019,108,MALTRATTAMENTI CONTRO FAMILIARI E CONVIVENTI,200,169
2019,109,ATTI PERSECUTORI,32,27
2019,109,MALTRATTAMENTI CONTRO FAMILIARI E CONVIVENTI,45,37
2019,110,ATTI PERSECUTORI,105,78
2019,110,MALTRATTAMENTI CONTRO FAMILIARI E CONVIVENTI,103,82
2019,201,ATTI PERSECUTORI,525,428
2019,201,MALTRATTAMENTI CONTRO FAMILIARI E CONVIVENTI,798,685
2019,210,ATTI PERSECUTORI,156,117
2019,210,MALTRATTAMENTI CONTRO FAMILIARI E CONVIVENTI,187,165
2019,215,ATTI PERSECUTORI,797,589
2019,215,MALTRATTAMENTI CONTRO FAMILIARI E CONVIVENTI,1261,1018
2019,227,ATTI PERSECUTORI,189,154
2019,227,MALTRATTAMENTI CONTRO FAMILIARI E CONVIVENTI,240,210
2019,237,ATTI PERSECUTORI,332,272
2019,237,MALTRATTAMENTI CONTRO FAMILIARI E CONVIVENTI,439,424
2019,248,ATTI PERSECUTORI,188,145
2019,248,MALTRATTAMENTI CONTRO FAMILIARI E CONVIVENTI,319,299
2019,258,ATTI PERSECUTORI,1133,854
2019,258,MALTRATTAMENTI CONTRO FAMILIARI E CONVIVENTI,1565,1280
2019,263,ATTI PERSECUTORI,1203,925
2019,263,MALTRATTAMENTI CONTRO FAMILIARI E CONVIVENTI,1447,1194
2019,272,ATTI PERSECUTORI,283,203
2019,272,MALTRATTAMENTI CONTRO FAMILIARI E CONVIVENTI,366,308
2019,280,ATTI PERSECUTORI,187,137
2019,280,MALTRATTAMENTI CONTRO FAMILIARI E CONVIVENTI,162,143
2019,282,ATTI PERSECUTORI,441,340
2019,282,MALTRATTAMENTI CONTRO FAMILIARI E CONVIVENTI,619,513
2019,283,ATTI PERSECUTORI,318,217
2019,283,MALTRATTAMENTI CONTRO FAMILIARI E CONVIVENTI,296,244
2019,287,ATTI PERSECUTORI,363,279
2019,287,MALTRATTAMENTI CONTRO FAMILIARI E CONVIVENTI,569,492
2019,292,ATTI PERSECUTORI,154,100
2019,292,MALTRATTAMENTI CONTRO FAMILIARI E CONVIVENTI,255,162
2020,002,ATTI PERSECUTORI,33,25
2020,002,MALTRATTAMENTI CONTRO FAMILIARI E CONVIVENTI,55,45
2020,003,ATTI PERSECUTORI,90,72
2020,003,MALTRATTAMENTI CONTRO FAMILIARI E CONVIVENTI,128,124
2020,004,ATTI PERSECUTORI,63,42
2020,004,MALTRATTAMENTI CONTRO FAMILIARI E CONVIVENTI,112,87
2020,005,ATTI PERSECUTORI,33,21
2020,005,MALTRATTAMENTI CONTRO FAMILIARI E CONVIVENTI,52,45
2020,006,ATTI PERSECUTORI,93,72
2020,006,MALTRATTAMENTI CONTRO FAMILIARI E CONVIVENTI,160,144
2020,007,ATTI PERSECUTORI,23,16
2020,007,MALTRATTAMENTI CONTRO FAMILIARI E CONVIVENTI,26,25
2020,008,ATTI PERSECUTORI,64,49
2020,008,MALTRATTAMENTI CONTRO FAMILIARI E CONVIVENTI,81,68
2020,009,ATTI PERSECUTORI,66,47
2020,009,MALTRATTAMENTI CONTRO FAMILIARI E CONVIVENTI,90,71
2020,011,ATTI PERSECUTORI,49,34
2020,011,MALTRATTAMENTI CONTRO FAMILIARI E CONVIVENTI,56,39
2020,012,ATTI PERSECUTORI,170,126
2020,012,MALTRATTAMENTI CONTRO FAMILIARI E CONVIVENTI,298,257
2020,013,ATTI PERSECUTORI,100,78
2020,013,MALTRATTAMENTI CONTRO FAMILIARI E CONVIVENTI,164,147
2020,014,ATTI PERSECUTORI,46,34
2020,014,MALTRATTAMENTI CONTRO FAMILIARI E CONVIVENTI,44,40
2020,016,ATTI PERSECUTORI,176,133
2020,016,MALTRATTAMENTI CONTRO FAMILIARI E CONVIVENTI,362,311
2020,017,ATTI PERSECUTORI,233,174
2020,017,MALTRATTAMENTI CONTRO FAMILIARI E CONVIVENTI,298,257
2020,018,ATTI PERSECUTORI,72,51
2020,018,MALTRATTAMENTI CONTRO FAMILIARI E CONVIVENTI,192,175
2020,019,ATTI PERSECUTORI,43,34
2020,019,MALTRATTAMENTI CONTRO FAMILIARI E CONVIVENTI,65,59
2020,020,ATTI PERSECUTORI,71,46
2020,020,MALTRATTAMENTI CONTRO FAMILIARI E CONVIVENTI,144,127
2020,021,ATTI PERSECUTORI,93,69
2020,021,MALTRATTAMENTI CONTRO FAMILIARI E CONVIVENTI,181,185
2020,022,ATTI PERSECUTORI,108,82
2020,022,MALTRATTAMENTI CONTRO FAMILIARI E CONVIVENTI,111,97
2020,023,ATTI PERSECUTORI,125,100
2020,023,MALTRATTAMENTI CONTRO FAMILIARI E CONVIVENTI,229,209
2020,024,ATTI PERSECUTORI,147,94
2020,024,MALTRATTAMENTI CONTRO FAMILIARI E CONVIVENTI,199,176
2020,025,ATTI PERSECUTORI,38,21
2020,025,MALTRATTAMENTI CONTRO FAMILIARI E CONVIVENTI,49,36
2020,026,ATTI PERSECUTORI,160,116
2020,026,MALTRATTAMENTI CONTRO FAMILIARI E CONVIVENTI,177,159
2020,028,ATTI PERSECUTORI,218,154
2020,028,MALTRATTAMENTI CONTRO FAMILIARI E CONVIVENTI,263,231
2020,029,ATTI PERSECUTORI,37,31
2020,029,MALTRATTAMENTI CONTRO FAMILIARI E CONVIVENTI,70,58
2020,030,ATTI PERSECUTORI,77,56
2020,030,MALTRATTAMENTI CONTRO FAMILIARI E CONVIVENTI,87,72
2020,031,ATTI PERSECUTORI,49,33
2020,031,MALTRATTAMENTI CONTRO FAMILIARI E CONVIVENTI,58,49
2020,032,ATTI PERSECUTORI,99,92
2020,032,MALTRATTAMENTI CONTRO FAMILIARI E CONVIVENTI,119,90
2020,033,ATTI PERSECUTORI,82,63
2020,033,MALTRATTAMENTI CONTRO FAMILIARI E CONVIVENTI,142,124
2020,034,ATTI PERSECUTORI,144,114
2020,034,MALTRATTAMENTI CONTRO FAMILIARI E CONVIVENTI,207,179
2020,035,ATTI PERSECUTORI,79,56
2020,035,MALTRATTAMENTI CONTRO FAMILIARI E CONVIVENTI,123,104
2020,036,ATTI PERSECUTORI,117,92
2020,036,MALTRATTAMENTI CONTRO FAMILIARI E CONVIVENTI,195,171
2020,038,ATTI PERSECUTORI,105,74
2020,038,MALTRATTAMENTI CONTRO FAMILIARI E CONVIVENTI,126,115
2020,039,ATTI PERSECUTORI,93,66
2020,039,MALTRATTAMENTI CONTRO FAMILIARI E CONVIVENTI,151,136
2020,040,ATTI PERSECUTORI,90,68
2020,040,MALTRATTAMENTI CONTRO FAMILIARI E CONVIVENTI,133,124
2020,041,ATTI PERSECUTORI,58,39
2020,041,MALTRATTAMENTI CONTRO FAMILIARI E CONVIVENTI,89,76
2020,042,ATTI PERSECUTORI,105,74
2020,042,MALTRATTAMENTI CONTRO FAMILIARI E CONVIVENTI,108,85
2020,043,ATTI PERSECUTORI,31,27
2020,043,MALTRATTAMENTI CONTRO FAMILIARI E CONVIVENTI,61,53
2020,044,ATTI PERSECUTORI,50,38
2020,044,MALTRATTAMENTI CONTRO FAMILIARI E CONVIVENTI,62,46
2020,045,ATTI PERSECUTORI,23,19
2020,045,MALTRATTAMENTI CONTRO FAMILIARI E CONVIVENTI,76,79
2020,046,ATTI PERSECUTORI,65,50
2020,046,MALTRATTAMENTI CONTRO FAMILIARI E CONVIVENTI,96,83
2020,047,ATTI PERSECUTORI,98,83
2020,047,MALTRATTAMENTI CONTRO FAMILIARI E CONVIVENTI,108,95
2020,049,ATTI PERSECUTORI,99,73
2020,049,MALTRATTAMENTI CONTRO FAMILIARI E CONVIVENTI,121,102
2020,050,ATTI PERSECUTORI,79,63
2020,050,MALTRATTAMENTI CONTRO FAMILIARI E CONVIVENTI,111,90
2020,051,ATTI PERSECUTORI,94,68
2020,051,MALTRATTAMENTI CONTRO FAMILIARI E CONVIVENTI,114,100
2020,052,ATTI PERSECUTORI,49,31
2020,052,MALTRATTAMENTI CONTRO FAMILIARI E CONVIVENTI,65,56
2020,053,ATTI PERSECUTORI,71,46
2020,053,MALTRATTAMENTI CONTRO FAMILIARI E CONVIVENTI,77,68
2020,054,ATTI PERSECUTORI,231,168
2020,054,MALTRATTAMENTI CONTRO FAMILIARI E CONVIVENTI,242,203
2020,055,ATTI PERSECUTORI,50,31
2020,055,MALTRATTAMENTI CONTRO FAMILIARI E CONVIVENTI,67,58
2020,056,ATTI PERSECUTORI,96,72
2020,056,MALTRATTAMENTI CONTRO FAMILIARI E CONVIVENTI,109,78
2020,057,ATTI PERSECUTORI,39,26
2020,057,MALTRATTAMENTI CONTRO FAMILIARI E CONVIVENTI,39,33
2020,059,ATTI PERSECUTORI,271,198
2020,059,MALTRATTAMENTI CONTRO FAMILIARI E CONVIVENTI,363,268
2020,060,ATTI PERSECUTORI,164,103
2020,060,MALTRATTAMENTI CONTRO FAMILIARI E CONVIVENTI,152,113
2020,061,ATTI PERSECUTORI,323,218
2020,061,MALTRATTAMENTI CONTRO FAMILIARI E CONVIVENTI,446,342
2020,062,ATTI PERSECUTORI,115,97
2020,062,MALTRATTAMENTI CONTRO FAMILIARI E CONVIVENTI,79,65
2020,064,ATTI PERSECUTORI,237,162
2020,064,MALTRATTAMENTI CONTRO FAMILIARI E CONVIVENTI,207,150
2020,065,ATTI PERSECUTORI,461,328
2020,065,MALTRATTAMENTI CONTRO FAMILIARI E CONVIVENTI,513,434
2020,066,ATTI PERSECUTORI,95,60
2020,066,MALTRATTAMENTI CONTRO FAMILIARI E CONVIVENTI,87,77
2020,067,ATTI PERSECUTORI,115,75
2020,067,MALTRATTAMENTI CONTRO FAMILIARI E CONVIVENTI,169,139
2020,068,ATTI PERSECUTORI,76,49
2020,068,MALTRATTAMENTI CONTRO FAMILIARI E CONVIVENTI,123,100
2020,069,ATTI PERSECUTORI,115,81
2020,069,MALTRATTAMENTI CONTRO FAMILIARI E CONVIVENTI,108,82
2020,070,ATTI PERSECUTORI,63,46
2020,070,MALTRATTAMENTI CONTRO FAMILIARI E CONVIVENTI,80,62
2020,071,ATTI PERSECUTORI,290,194
2020,071,MALTRATTAMENTI CONTRO FAMILIARI E CONVIVENTI,289,238
2020,073,ATTI PERSECUTORI,212,149
2020,073,MALTRATTAMENTI CONTRO FAMILIARI E CONVIVENTI,210,174
2020,074,ATTI PERSECUTORI,125,82
2020,074,MALTRATTAMENTI CONTRO FAMILIARI E CONVIVENTI,117,78
2020,075,ATTI PERSECUTORI,306,193
2020,075,MALTRATTAMENTI CONTRO FAMILIARI E CONVIVENTI,258,206
2020,076,ATTI PERSECUTORI,99,65
2020,076,MALTRATTAMENTI CONTRO FAMILIARI E CONVIVENTI,136,100
2020,077,ATTI PERSECUTORI,90,61
2020,077,MALTRATTAMENTI CONTRO FAMILIARI E CONVIVENTI,84,72
2020,078,ATTI PERSECUTORI,170,127
2020,078,MALTRATTAMENTI CONTRO FAMILIARI E CONVIVENTI,196,164
2020,079,ATTI PERSECUTORI,185,137
2020,079,MALTRATTAMENTI CONTRO FAMILIARI E CONVIVENTI,176,139
2020,081,ATTI PERSECUTORI,179,150
2020,081,MALTRATTAMENTI CONTRO FAMILIARI E CONVIVENTI,229,220
2020,084,ATTI PERSECUTORI,197,129
2020,084,MALTRATTAMENTI CONTRO FAMILIARI E CONVIVENTI,168,145
2020,085,ATTI PERSECUTORI,170,120
2020,085,MALTRATTAMENTI CONTRO FAMILIARI E CONVIVENTI,172,156
2020,086,ATTI PERSECUTORI,64,46
2020,086,MALTRATTAMENTI CONTRO FAMILIARI E CONVIVENTI,68,59
2020,088,ATTI PERSECUTORI,140,108
2020,088,MALTRATTAMENTI CONTRO FAMILIARI E CONVIVENTI,119,112
2020,089,ATTI PERSECUTORI,252,201
2020,089,MALTRATTAMENTI CONTRO FAMILIARI E CONVIVENTI,224,190
2020,090,ATTI PERSECUTORI,173,120
2020,090,MALTRATTAMENTI CONTRO FAMILIARI E CONVIVENTI,217,173
2020,091,ATTI PERSECUTORI,67,44
2020,091,MALTRATTAMENTI CONTRO FAMILIARI E CONVIVENTI,76,56
2020,093,ATTI PERSECUTORI,48,38
2020,093,MALTRATTAMENTI CONTRO FAMILIARI E CONVIVENTI,35,27
2020,094,ATTI PERSECUTORI,44,29
2020,094,MALTRATTAMENTI CONTRO FAMILIARI E CONVIVENTI,29,21
2020,095,ATTI PERSECUTORI,23,11
2020,095,MALTRATTAMENTI CONTRO FAMILIARI E CONVIVENTI,42,29
2020,096,ATTI PERSECUTORI,53,41
2020,096,MALTRATTAMENTI CONTRO FAMILIARI E CONVIVENTI,80,73
2020,097,ATTI PERSECUTORI,30,22
2020,097,MALTRATTAMENTI CONTRO FAMILIARI E CONVIVENTI,82,62
2020,098,ATTI PERSECUTORI,33,21
2020,098,MALTRATTAMENTI CONTRO FAMILIARI E CONVIVENTI,49,42
2020,099,ATTI PERSECUTORI,66,51
2020,099,MALTRATTAMENTI CONTRO FAMILIARI E CONVIVENTI,159,148
2020,100,ATTI PERSECUTORI,75,55
2020,100,MALTRATTAMENTI CONTRO FAMILIARI E CONVIVENTI,72,65
2020,101,ATTI PERSECUTORI,71,54
2020,101,MALTRATTAMENTI CONTRO FAMILIARI E CONVIVENTI,68,54
2020,102,ATTI PERSECUTORI,51,40
2020,102,MALTRATTAMENTI CONTRO FAMILIARI E CONVIVENTI,51,43
2020,103,ATTI PERSECUTORI,45,32
2020,103,MALTRATTAMENTI CONTRO FAMILIARI E CONVIVENTI,37,33
2020,108,ATTI PERSECUTORI,106,86
2020,108,MALTRATTAMENTI CONTRO FAMILIARI E CONVIVENTI,214,171
2020,109,ATTI PERSECUTORI,33,24
2020,109,MALTRATTAMENTI CONTRO FAMILIARI E CONVIVENTI,55,47
2020,110,ATTI PERSECUTORI,129,93
2020,110,MALTRATTAMENTI CONTRO FAMILIARI E CONVIVENTI,109,82
2020,201,ATTI PERSECUTORI,611,459
2020,201,MALTRATTAMENTI CONTRO FAMILIARI E CONVIVENTI,888,758
2020,210,ATTI PERSECUTORI,156,107
2020,210,MALTRATTAMENTI CONTRO FAMILIARI E CONVIVENTI,231,203
2020,215,ATTI PERSECUTORI,766,570
2020,215,MALTRATTAMENTI CONTRO FAMILIARI E CONVIVENTI,1271,990
2020,227,ATTI PERSECUTORI,166,119
2020,227,MALTRATTAMENTI CONTRO FAMILIARI E CONVIVENTI,234,195
2020,237,ATTI PERSECUTORI,333,248
2020,237,MALTRATTAMENTI CONTRO FAMILIARI E CONVIVENTI,512,484
2020,248,ATTI PERSECUTORI,178,142
2020,248,MALTRATTAMENTI CONTRO FAMILIARI E CONVIVENTI,311,298
2020,258,ATTI PERSECUTORI,1272,919
2020,258,MALTRATTAMENTI CONTRO FAMILIARI E CONVIVENTI,1726,1387
2020,263,ATTI PERSECUTORI,1206,935
2020,263,MALTRATTAMENTI CONTRO FAMILIARI E CONVIVENTI,1546,1247
2020,272,ATTI PERSECUTORI,340,237
2020,272,MALTRATTAMENTI CONTRO FAMILIARI E CONVIVENTI,378,299
2020,280,ATTI PERSECUTORI,253,176
2020,280,MALTRATTAMENTI CONTRO FAMILIARI E CONVIVENTI,172,131
2020,282,ATTI PERSECUTORI,493,386
2020,282,MALTRATTAMENTI CONTRO FAMILIARI E CONVIVENTI,712,588
2020,283,ATTI PERSECUTORI,303,196
2020,283,MALTRATTAMENTI CONTRO FAMILIARI E CONVIVENTI,338,290
2020,287,ATTI PERSECUTORI,335,256
2020,287,MALTRATTAMENTI CONTRO FAMILIARI E CONVIVENTI,489,420
2020,292,ATTI PERSECUTORI,203,129
2020,292,MALTRATTAMENTI CONTRO FAMILIARI E CONVIVENTI,241,171
2021,002,ATTI PERSECUTORI,33,20
2021,002,MALTRATTAMENTI CONTRO FAMILIARI E CONVIVENTI,63,56
2021,003,ATTI PERSECUTORI,107,69
2021,003,MALTRATTAMENTI CONTRO FAMILIARI E CONVIVENTI,150,110
2021,004,ATTI PERSECUTORI,99,80
2021,004,MALTRATTAMENTI CONTRO FAMILIARI E CONVIVENTI,138,113
2021,005,ATTI PERSECUTORI,41,22
2021,005,MALTRATTAMENTI CONTRO FAMILIARI E CONVIVENTI,82,68
2021,006,ATTI PERSECUTORI,110,87
2021,006,MALTRATTAMENTI CONTRO FAMILIARI E CONVIVENTI,141,115
2021,007,ATTI PERSECUTORI,27,21
2021,007,MALTRATTAMENTI CONTRO FAMILIARI E CONVIVENTI,27,25
2021,008,ATTI PERSECUTORI,68,42
2021,008,MALTRATTAMENTI CONTRO FAMILIARI E CONVIVENTI,81,61
2021,009,ATTI PERSECUTORI,64,50
2021,009,MALTRATTAMENTI CONTRO FAMILIARI E CONVIVENTI,74,57
2021,011,ATTI PERSECUTORI,55,38
2021,011,MALTRATTAMENTI CONTRO FAMILIARI E CONVIVENTI,61,52
2021,012,ATTI PERSECUTORI,225,145
2021,012,MALTRATTAMENTI CONTRO FAMILIARI E CONVIVENTI,332,280
2021,013,ATTI PERSECUTORI,124,86
2021,013,MALTRATTAMENTI CONTRO FAMILIARI E CONVIVENTI,191,164
2021,014,ATTI PERSECUTORI,34,23
2021,014,MALTRATTAMENTI CONTRO FAMILIARI E CONVIVENTI,47,43
2021,016,ATTI PERSECUTORI,204,127
2021,016,MALTRATTAMENTI CONTRO FAMILIARI E CONVIVENTI,381,302
2021,017,ATTI PERSECUTORI,342,245
2021,017,MALTRATTAMENTI CONTRO FAMILIARI E CONVIVENTI,401,340
2021,018,ATTI PERSECUTORI,99,53
2021,018,MALTRATTAMENTI CONTRO FAMILIARI E CONVIVENTI,169,133
2021,019,ATTI PERSECUTORI,58,44
2021,019,MALTRATTAMENTI CONTRO FAMILIARI E CONVIVENTI,84,68
2021,020,ATTI PERSECUTORI,94,65
2021,020,MALTRATTAMENTI CONTRO FAMILIARI E CONVIVENTI,154,126
2021,021,ATTI PERSECUTORI,117,85
2021,021,MALTRATTAMENTI CONTRO FAMILIARI E CONVIVENTI,193,179
2021,022,ATTI PERSECUTORI,109,74
2021,022,MALTRATTAMENTI CONTRO FAMILIARI E CONVIVENTI,139,132
2021,023,ATTI PERSECUTORI,172,127
2021,023,MALTRATTAMENTI CONTRO FAMILIARI E CONVIVENTI,239,199
2021,024,ATTI PERSECUTORI,136,90
2021,024,MALTRATTAMENTI CONTRO FAMILIARI E CONVIVENTI,306,253
2021,025,ATTI PERSECUTORI,41,26
2021,025,MALTRATTAMENTI CONTRO FAMILIARI E CONVIVENTI,52,51
2021,026,ATTI PERSECUTORI,175,116
2021,026,MALTRATTAMENTI CONTRO FAMILIARI E CONVIVENTI,203,163
2021,028,ATTI PERSECUTORI,260,166
2021,028,MALTRATTAMENTI CONTRO FAMILIARI E CONVIVENTI,316,254
2021,029,ATTI PERSECUTORI,44,34
2021,029,MALTRATTAMENTI CONTRO FAMILIARI E CONVIVENTI,77,69
2021,030,ATTI PERSECUTORI,77,41
2021,030,MALTRATTAMENTI CONTRO FAMILIARI E CONVIVENTI,112,93
2021,031,ATTI PERSECUTORI,54,36
2021,031,MALTRATTAMENTI CONTRO FAMILIARI E CONVIVENTI,80,58
2021,032,ATTI PERSECUTORI,107,68
2021,032,MALTRATTAMENTI CONTRO FAMILIARI E CONVIVENTI,145,142
2021,033,ATTI PERSECUTORI,98,71
2021,033,MALTRATTAMENTI CONTRO FAMILIARI E CONVIVENTI,180,149
2021,034,ATTI PERSECUTORI,109,77
2021,034,MALTRATTAMENTI CONTRO FAMILIARI E CONVIVENTI,213,192
2021,035,ATTI PERSECUTORI,108,72
2021,035,MALTRATTAMENTI CONTRO FAMILIARI E CONVIVENTI,149,135
2021,036,ATTI PERSECUTORI,128,96
2021,036,MALTRATTAMENTI CONTRO FAMILIARI E CONVIVENTI,199,179
2021,038,ATTI PERSECUTORI,113,82
2021,038,MALTRATTAMENTI CONTRO FAMILIARI E CONVIVENTI,146,123
2021,039,ATTI PERSECUTORI,85,55
2021,039,MALTRATTAMENTI CONTRO FAMILIARI E CONVIVENTI,197,155
2021,040,ATTI PERSECUTORI,108,80
2021,040,MALTRATTAMENTI CONTRO FAMILIARI E CONVIVENTI,139,128
2021,041,ATTI PERSECUTORI,73,46
2021,041,MALTRATTAMENTI CONTRO FAMILIARI E CONVIVENTI,118,102
2021,042,ATTI PERSECUTORI,102,63
2021,042,MALTRATTAMENTI CONTRO FAMILIARI E CONVIVENTI,114,100
2021,043,ATTI PERSECUTORI,56,36
2021,043,MALTRATTAMENTI CONTRO FAMILIARI E CONVIVENTI,92,72
2021,044,ATTI PERSECUTORI,60,31
2021,044,MALTRATTAMENTI CONTRO FAMILIARI E CONVIVENTI,79,57
2021,045,ATTI PERSECUTORI,64,51
2021,045,MALTRATTAMENTI CONTRO FAMILIARI E CONVIVENTI,67,61
2021,046,ATTI PERSECUTORI,70,50
2021,046,MALTRATTAMENTI CONTRO FAMILIARI E CONVIVENTI,87,75
2021,047,ATTI PERSECUTORI,100,74
2021,047,MALTRATTAMENTI CONTRO FAMILIARI E CONVIVENTI,140,119
2021,049,ATTI PERSECUTORI,134,98
2021,049,MALTRATTAMENTI CONTRO FAMILIARI E CONVIVENTI,169,150
2021,050,ATTI PERSECUTORI,113,72
2021,050,MALTRATTAMENTI CONTRO FAMILIARI E CONVIVENTI,156,120
2021,051,ATTI PERSECUTORI,78,54
2021,051,MALTRATTAMENTI CONTRO FAMILIARI E CONVIVENTI,128,95
2021,052,ATTI PERSECUTORI,46,32
2021,052,MALTRATTAMENTI CONTRO FAMILIARI E CONVIVENTI,64,55
2021,053,ATTI PERSECUTORI,62,41
2021,053,MALTRATTAMENTI CONTRO FAMILIARI E CONVIVENTI,117,96
2021,054,ATTI PERSECUTORI,250,173
2021,054,MALTRATTAMENTI CONTRO FAMILIARI E CONVIVENTI,241,213
2021,055,ATTI PERSECUTORI,60,33
2021,055,MALTRATTAMENTI CONTRO FAMILIARI E CONVIVENTI,73,51
2021,056,ATTI PERSECUTORI,129,85
2021,056,MALTRATTAMENTI CONTRO FAMILIARI E CONVIVENTI,157,125
2021,057,ATTI PERSECUTORI,68,35
2021,057,MALTRATTAMENTI CONTRO FAMILIARI E CONVIVENTI,61,44
2021,059,ATTI PERSECUTORI,327,207
2021,059,MALTRATTAMENTI CONTRO FAMILIARI E CONVIVENTI,366,278
2021,060,ATTI PERSECUTORI,137,88
2021,060,MALTRATTAMENTI CONTRO FAMILIARI E CONVIVENTI,181,125
2021,061,ATTI PERSECUTORI,314,180
2021,061,MALTRATTAMENTI CONTRO FAMILIARI E CONVIVENTI,410,284
2021,062,ATTI PERSECUTORI,99,70
2021,062,MALTRATTAMENTI CONTRO FAMILIARI E CONVIVENTI,76,60
2021,064,ATTI PERSECUTORI,291,218
2021,064,MALTRATTAMENTI CONTRO FAMILIARI E CONVIVENTI,233,171
2021,065,ATTI PERSECUTORI,493,324
2021,065,MALTRATTAMENTI CONTRO FAMILIARI E CONVIVENTI,524,367
2021,066,ATTI PERSECUTORI,84,50
2021,066,MALTRATTAMENTI CONTRO FAMILIARI E CONVIVENTI,119,92
2021,067,ATTI PERSECUTORI,107,63
2021,067,MALTRATTAMENTI CONTRO FAMILIARI E CONVIVENTI,144,99
2021,068,ATTI PERSECUTORI,109,56
2021,068,MALTRATTAMENTI CONTRO FAMILIARI E CONVIVENTI,143,107
2021,069,ATTI PERSECUTORI,110,82
2021,069,MALTRATTAMENTI CONTRO FAMILIARI E CONVIVENTI,102,83
2021,070,ATTI PERSECUTORI,54,37
2021,070,MALTRATTAMENTI CONTRO FAMILIARI E CONVIVENTI,53,41
2021,071,ATTI PERSECUTORI,411,284
2021,071,MALTRATTAMENTI CONTRO FAMILIARI E CONVIVENTI,385,316
2021,073,ATTI PERSECUTORI,228,158
2021,073,MALTRATTAMENTI CONTRO FAMILIARI E CONVIVENTI,215,163
2021,074,ATTI PERSECUTORI,154,92
2021,074,MALTRATTAMENTI CONTRO FAMILIARI E CONVIVENTI,144,96
2021,075,ATTI PERSECUTORI,342,189
2021,075,MALTRATTAMENTI CONTRO FAMILIARI E CONVIVENTI,286,198
2021,076,ATTI PERSECUTORI,110,58
2021,076,MALTRATTAMENTI CONTRO FAMILIARI E CONVIVENTI,115,90
2021,077,ATTI PERSECUTORI,98,65
2021,077,MALTRATTAMENTI CONTRO FAMILIARI E CONVIVENTI,75,51
2021,078,ATTI PERSECUTORI,235,150
2021,078,MALTRATTAMENTI CONTRO FAMILIARI E CONVIVENTI,280,216
2021,079,ATTI PERSECUTORI,193,124
2021,079,MALTRATTAMENTI CONTRO FAMILIARI E CONVIVENTI,172,123
2021,081,ATTI PERSECUTORI,196,129
2021,081,MALTRATTAMENTI CONTRO FAMILIARI E CONVIVENTI,227,197
2021,084,ATTI PERSECUTORI,185,123
2021,084,MALTRATTAMENTI CONTRO FAMILIARI E CONVIVENTI,198,158
2021,085,ATTI PERSECUTORI,149,90
2021,085,MALTRATTAMENTI CONTRO FAMILIARI E CONVIVENTI,195,158
2021,086,ATTI PERSECUTORI,59,40
2021,086,MALTRATTAMENTI CONTRO FAMILIARI E CONVIVENTI,59,53
2021,088,ATTI PERSECUTORI,142,108
2021,088,MALTRATTAMENTI CONTRO FAMILIARI E CONVIVENTI,123,111
2021,089,ATTI PERSECUTORI,251,204
2021,089,MALTRATTAMENTI CONTRO FAMILIARI E CONVIVENTI,228,188
2021,090,ATTI PERSECUTORI,171,107
2021,090,MALTRATTAMENTI CONTRO FAMILIARI E CONVIVENTI,191,133
2021,091,ATTI PERSECUTORI,74,46
2021,091,MALTRATTAMENTI CONTRO FAMILIARI E CONVIVENTI,75,63
2021,093,ATTI PERSECUTORI,62,39
2021,093,MALTRATTAMENTI CONTRO FAMILIARI E CONVIVENTI,62,51
2021,094,ATTI PERSECUTORI,35,19
2021,094,MALTRATTAMENTI CONTRO FAMILIARI E CONVIVENTI,22,18
2021,095,ATTI PERSECUTORI,25,18
2021,095,MALTRATTAMENTI CONTRO FAMILIARI E CONVIVENTI,32,22
2021,096,ATTI PERSECUTORI,67,56
2021,096,MALTRATTAMENTI CONTRO FAMILIARI E CONVIVENTI,103,93
2021,097,ATTI PERSECUTORI,61,42
2021,097,MALTRATTAMENTI CONTRO FAMILIARI E CONVIVENTI,107,88
2021,098,ATTI PERSECUTORI,34,25
2021,098,MALTRATTAMENTI CONTRO FAMILIARI E CONVIVENTI,66,52
2021,099,ATTI PERSECUTORI,86,57
2021,099,MALTRATTAMENTI CONTRO FAMILIARI E CONVIVENTI,163,143
2021,100,ATTI PERSECUTORI,57,41
2021,100,MALTRATTAMENTI CONTRO FAMILIARI E CONVIVENTI,69,59
2021,101,ATTI PERSECUTORI,63,45
2021,101,MALTRATTAMENTI CONTRO FAMILIARI E CONVIVENTI,76,54
2021,102,ATTI PERSECUTORI,56,36
2021,102,MALTRATTAMENTI CONTRO FAMILIARI E CONVIVENTI,68,58
2021,103,ATTI PERSECUTORI,35,27
2021,103,MALTRATTAMENTI CONTRO FAMILIARI E CONVIVENTI,29,28
2021,108,ATTI PERSECUTORI,138,89
2021,108,MALTRATTAMENTI CONTRO FAMILIARI E CONVIVENTI,240,171
2021,109,ATTI PERSECUTORI,38,26
2021,109,MALTRATTAMENTI CONTRO FAMILIARI E CONVIVENTI,37,30
2021,110,ATTI PERSECUTORI,130,82
2021,110,MALTRATTAMENTI CONTRO FAMILIARI E CONVIVENTI,118,80
2021,201,ATTI PERSECUTORI,728,500
2021,201,MALTRATTAMENTI CONTRO FAMILIARI E CONVIVENTI,966,764
2021,210,ATTI PERSECUTORI,188,130
2021,210,MALTRATTAMENTI CONTRO FAMILIARI E CONVIVENTI,230,187
2021,215,ATTI PERSECUTORI,912,612
2021,215,MALTRATTAMENTI CONTRO FAMILIARI E CONVIVENTI,1280,976
2021,227,ATTI PERSECUTORI,163,99
2021,227,MALTRATTAMENTI CONTRO FAMILIARI E CONVIVENTI,242,182
2021,237,ATTI PERSECUTORI,320,260
2021,237,MALTRATTAMENTI CONTRO FAMILIARI E CONVIVENTI,547,528
2021,248,ATTI PERSECUTORI,187,128
2021,248,MALTRATTAMENTI CONTRO FAMILIARI E CONVIVENTI,293,249
2021,258,ATTI PERSECUTORI,1499,1024
2021,258,MALTRATTAMENTI CONTRO FAMILIARI E CONVIVENTI,1852,1445
2021,263,ATTI PERSECUTORI,1312,907
2021,263,MALTRATTAMENTI CONTRO FAMILIARI E CONVIVENTI,1724,1272
2021,272,ATTI PERSECUTORI,364,244
2021,272,MALTRATTAMENTI CONTRO FAMILIARI E CONVIVENTI,444,341
2021,280,ATTI PERSECUTORI,221,141
2021,280,MALTRATTAMENTI CONTRO FAMILIARI E CONVIVENTI,191,134
2021,282,ATTI PERSECUTORI,549,363
2021,282,MALTRATTAMENTI CONTRO FAMILIARI E CONVIVENTI,751,557
2021,283,ATTI PERSECUTORI,330,202
2021,283,MALTRATTAMENTI CONTRO FAMILIARI E CONVIVENTI,329,260
2021,287,ATTI PERSECUTORI,374,274
2021,287,MALTRATTAMENTI CONTRO FAMILIARI E CONVIVENTI,534,450
2021,292,ATTI PERSECUTORI,243,157
2021,292,MALTRATTAMENTI CONTRO FAMILIARI E CONVIVENTI,285,201
2022,002,ATTI PERSECUTORI,44,36
2022,002,MALTRATTAMENTI CONTRO FAMILIARI E CONVIVENTI,46,35
2022,003,ATTI PERSECUTORI,96,75
2022,003,MALTRATTAMENTI CONTRO FAMILIARI E CONVIVENTI,175,151
2022,004,ATTI PERSECUTORI,94,80
2022,004,MALTRATTAMENTI CONTRO FAMILIARI E CONVIVENTI,121,108
2022,005,ATTI PERSECUTORI,38,29
2022,005,MALTRATTAMENTI CONTRO FAMILIARI E CONVIVENTI,68,52
2022,006,ATTI PERSECUTORI,93,78
2022,006,MALTRATTAMENTI CONTRO FAMILIARI E CONVIVENTI,150,134
2022,007,ATTI PERSECUTORI,27,20
2022,007,MALTRATTAMENTI CONTRO FAMILIARI E CONVIVENTI,41,32
2022,008,ATTI PERSECUTORI,57,36
2022,008,MALTRATTAMENTI CONTRO FAMILIARI E CONVIVENTI,87,73
2022,009,ATTI PERSECUTORI,91,69
2022,009,MALTRATTAMENTI CONTRO FAMILIARI E CONVIVENTI,75,67
2022,011,ATTI PERSECUTORI,54,41
2022,011,MALTRATTAMENTI CONTRO FAMILIARI E CONVIVENTI,63,50
2022,012,ATTI PERSECUTORI,281,196
2022,012,MALTRATTAMENTI CONTRO FAMILIARI E CONVIVENTI,341,302
2022,013,ATTI PERSECUTORI,163,113
2022,013,MALTRATTAMENTI CONTRO FAMILIARI E CONVIVENTI,190,139
2022,014,ATTI PERSECUTORI,42,32
2022,014,MALTRATTAMENTI CONTRO FAMILIARI E CONVIVENTI,43,36
2022,016,ATTI PERSECUTORI,214,150
2022,016,MALTRATTAMENTI CONTRO FAMILIARI E CONVIVENTI,423,353
2022,017,ATTI PERSECUTORI,298,231
2022,017,MALTRATTAMENTI CONTRO FAMILIARI E CONVIVENTI,402,359
2022,018,ATTI PERSECUTORI,134,69
2022,018,MALTRATTAMENTI CONTRO FAMILIARI E CONVIVENTI,152,130
2022,019,ATTI PERSECUTORI,67,51
2022,019,MALTRATTAMENTI CONTRO FAMILIARI E CONVIVENTI,84,66
2022,020,ATTI PERSECUTORI,100,63
2022,020,MALTRATTAMENTI CONTRO FAMILIARI E CONVIVENTI,186,172
2022,021,ATTI PERSECUTORI,106,69
2022,021,MALTRATTAMENTI CONTRO FAMILIARI E CONVIVENTI,187,179
2022,022,ATTI PERSECUTORI,128,80
2022,022,MALTRATTAMENTI CONTRO FAMILIARI E CONVIVENTI,158,139
2022,023,ATTI PERSECUTORI,143,107
2022,023,MALTRATTAMENTI CONTRO FAMILIARI E CONVIVENTI,267,244
2022,024,ATTI PERSECUTORI,164,112
2022,024,MALTRATTAMENTI CONTRO FAMILIARI E CONVIVENTI,329,278
2022,025,ATTI PERSECUTORI,37,31
2022,025,MALTRATTAMENTI CONTRO FAMILIARI E CONVIVENTI,41,35
2022,026,ATTI PERSECUTORI,146,106
2022,026,MALTRATTAMENTI CONTRO FAMILIARI E CONVIVENTI,189,143
2022,028,ATTI PERSECUTORI,230,164
2022,028,MALTRATTAMENTI CONTRO FAMILIARI E CONVIVENTI,266,216
2022,029,ATTI PERSECUTORI,55,42
2022,029,MALTRATTAMENTI CONTRO FAMILIARI E CONVIVENTI,80,68
2022,030,ATTI PERSECUTORI,78,51
2022,030,MALTRATTAMENTI CONTRO FAMILIARI E CONVIVENTI,117,93
2022,031,ATTI PERSECUTORI,55,42
2022,031,MALTRATTAMENTI CONTRO FAMILIARI E CONVIVENTI,59,39
2022,032,ATTI PERSECUTORI,86,74
2022,032,MALTRATTAMENTI CONTRO FAMILIARI E CONVIVENTI,139,124
2022,033,ATTI PERSECUTORI,85,60
2022,033,MALTRATTAMENTI CONTRO FAMILIARI E CONVIVENTI,159,130
2022,034,ATTI PERSECUTORI,108,76
2022,034,MALTRATTAMENTI CONTRO FAMILIARI E CONVIVENTI,218,182
2022,035,ATTI PERSECUTORI,104,74
2022,035,MALTRATTAMENTI CONTRO FAMILIARI E CONVIVENTI,167,143
2022,036,ATTI PERSECUTORI,199,140
2022,036,MALTRATTAMENTI CONTRO FAMILIARI E CONVIVENTI,336,279
2022,038,ATTI PERSECUTORI,106,71
2022,038,MALTRATTAMENTI CONTRO FAMILIARI E CONVIVENTI,164,133
2022,039,ATTI PERSECUTORI,106,79
2022,039,MALTRATTAMENTI CONTRO FAMILIARI E CONVIVENTI,155,132
2022,040,ATTI PERSECUTORI,88,66
2022,040,MALTRATTAMENTI CONTRO FAMILIARI E CONVIVENTI,133,115
2022,041,ATTI PERSECUTORI,80,52
2022,041,MALTRATTAMENTI CONTRO FAMILIARI E CONVIVENTI,119,99
2022,042,ATTI PERSECUTORI,110,72
2022,042,MALTRATTAMENTI CONTRO FAMILIARI E CONVIVENTI,125,112
2022,043,ATTI PERSECUTORI,61,43
2022,043,MALTRATTAMENTI CONTRO FAMILIARI E CONVIVENTI,79,60
2022,044,ATTI PERSECUTORI,76,54
2022,044,MALTRATTAMENTI CONTRO FAMILIARI E CONVIVENTI,57,35
2022,045,ATTI PERSECUTORI,63,41
2022,045,MALTRATTAMENTI CONTRO FAMILIARI E CONVIVENTI,72,71
2022,046,ATTI PERSECUTORI,76,46
2022,046,MALTRATTAMENTI CONTRO FAMILIARI E CONVIVENTI,118,97
2022,047,ATTI PERSECUTORI,96,78
2022,047,MALTRATTAMENTI CONTRO FAMILIARI E CONVIVENTI,109,91
2022,049,ATTI PERSECUTORI,149,109
2022,049,MALTRATTAMENTI CONTRO FAMILIARI E CONVIVENTI,192,153
2022,050,ATTI PERSECUTORI,105,80
2022,050,MALTRATTAMENTI CONTRO FAMILIARI E CONVIVENTI,122,97
2022,051,ATTI PERSECUTORI,98,62
2022,051,MALTRATTAMENTI CONTRO FAMILIARI E CONVIVENTI,145,116
2022,052,ATTI PERSECUTORI,45,29
2022,052,MALTRATTAMENTI CONTRO FAMILIARI E CONVIVENTI,82,73
2022,053,ATTI PERSECUTORI,104,61
2022,053,MALTRATTAMENTI CONTRO FAMILIARI E CONVIVENTI,142,109
2022,054,ATTI PERSECUTORI,207,151
2022,054,MALTRATTAMENTI CONTRO FAMILIARI E CONVIVENTI,263,223
2022,055,ATTI PERSECUTORI,61,45
2022,055,MALTRATTAMENTI CONTRO FAMILIARI E CONVIVENTI,77,58
2022,056,ATTI PERSECUTORI,91,65
2022,056,MALTRATTAMENTI CONTRO FAMILIARI E CONVIVENTI,163,135
2022,057,ATTI PERSECUTORI,39,23
2022,057,MALTRATTAMENTI CONTRO FAMILIARI E CONVIVENTI,66,50
2022,059,ATTI PERSECUTORI,275,182
2022,059,MALTRATTAMENTI CONTRO FAMILIARI E CONVIVENTI,347,269
2022,060,ATTI PERSECUTORI,152,97
2022,060,MALTRATTAMENTI CONTRO FAMILIARI E CONVIVENTI,188,135
2022,061,ATTI PERSECUTORI,290,184
2022,061,MALTRATTAMENTI CONTRO FAMILIARI E CONVIVENTI,406,280
2022,062,ATTI PERSECUTORI,76,55
2022,062,MALTRATTAMENTI CONTRO FAMILIARI E CONVIVENTI,96,74
2022,064,ATTI PERSECUTORI,255,157
2022,064,MALTRATTAMENTI CONTRO FAMILIARI E CONVIVENTI,197,167
2022,065,ATTI PERSECUTORI,485,316
2022,065,MALTRATTAMENTI CONTRO FAMILIARI E CONVIVENTI,597,428
2022,066,ATTI PERSECUTORI,95,64
2022,066,MALTRATTAMENTI CONTRO FAMILIARI E CONVIVENTI,117,92
2022,067,ATTI PERSECUTORI,118,74
2022,067,MALTRATTAMENTI CONTRO FAMILIARI E CONVIVENTI,126,108
2022,068,ATTI PERSECUTORI,102,69
2022,068,MALTRATTAMENTI CONTRO FAMILIARI E CONVIVENTI,146,104
2022,069,ATTI PERSECUTORI,125,87
2022,069,MALTRATTAMENTI CONTRO FAMILIARI E CONVIVENTI,100,84
2022,070,ATTI PERSECUTORI,49,36
2022,070,MALTRATTAMENTI CONTRO FAMILIARI E CONVIVENTI,54,42
2022,071,ATTI PERSECUTORI,389,237
2022,071,MALTRATTAMENTI CONTRO FAMILIARI E CONVIVENTI,407,304
2022,073,ATTI PERSECUTORI,208,159
2022,073,MALTRATTAMENTI CONTRO FAMILIARI E CONVIVENTI,250,204
2022,074,ATTI PERSECUTORI,153,99
2022,074,MALTRATTAMENTI CONTRO FAMILIARI E CONVIVENTI,150,98
2022,075,ATTI PERSECUTORI,373,229
2022,075,MALTRATTAMENTI CONTRO FAMILIARI E CONVIVENTI,334,234
2022,076,ATTI PERSECUTORI,82,53
2022,076,MALTRATTAMENTI CONTRO FAMILIARI E CONVIVENTI,112,90
2022,077,ATTI PERSECUTORI,75,44
2022,077,MALTRATTAMENTI CONTRO FAMILIARI E CONVIVENTI,79,60
2022,078,ATTI PERSECUTORI,257,169
2022,078,MALTRATTAMENTI CONTRO FAMILIARI E CONVIVENTI,280,218
2022,079,ATTI PERSECUTORI,195,121
2022,079,MALTRATTAMENTI CONTRO FAMILIARI E CONVIVENTI,202,151
2022,081,ATTI PERSECUTORI,156,128
2022,081,MALTRATTAMENTI CONTRO FAMILIARI E CONVIVENTI,249,204
2022,084,ATTI PERSECUTORI,161,101
2022,084,MALTRATTAMENTI CONTRO FAMILIARI E CONVIVENTI,211,155
2022,085,ATTI PERSECUTORI,168,103
2022,085,MALTRATTAMENTI CONTRO FAMILIARI E CONVIVENTI,205,167
2022,086,ATTI PERSECUTORI,43,29
2022,086,MALTRATTAMENTI CONTRO FAMILIARI E CONVIVENTI,48,37
2022,088,ATTI PERSECUTORI,133,96
2022,088,MALTRATTAMENTI CONTRO FAMILIARI E CONVIVENTI,109,93
2022,089,ATTI PERSECUTORI,256,191
2022,089,MALTRATTAMENTI CONTRO FAMILIARI E CONVIVENTI,230,181
2022,090,ATTI PERSECUTORI,164,112
2022,090,MALTRATTAMENTI CONTRO FAMILIARI E CONVIVENTI,173,127
2022,091,ATTI PERSECUTORI,62,37
2022,091,MALTRATTAMENTI CONTRO FAMILIARI E CONVIVENTI,76,61
2022,093,ATTI PERSECUTORI,63,48
2022,093,MALTRATTAMENTI CONTRO FAMILIARI E CONVIVENTI,73,51
2022,094,ATTI PERSECUTORI,46,19
2022,094,MALTRATTAMENTI CONTRO FAMILIARI E CONVIVENTI,23,18
2022,095,ATTI PERSECUTORI,34,22
2022,095,MALTRATTAMENTI CONTRO FAMILIARI E CONVIVENTI,39,29
2022,096,ATTI PERSECUTORI,68,47
2022,096,MALTRATTAMENTI CONTRO FAMILIARI E CONVIVENTI,72,62
2022,097,ATTI PERSECUTORI,40,33
2022,097,MALTRATTAMENTI CONTRO FAMILIARI E CONVIVENTI,70,58
2022,098,ATTI PERSECUTORI,34,24
2022,098,MALTRATTAMENTI CONTRO FAMILIARI E CONVIVENTI,83,69
2022,099,ATTI PERSECUTORI,100,73
2022,099,MALTRATTAMENTI CONTRO FAMILIARI E CONVIVENTI,156,126
2022,100,ATTI PERSECUTORI,61,36
2022,100,MALTRATTAMENTI CONTRO FAMILIARI E CONVIVENTI,85,74
2022,101,ATTI PERSECUTORI,61,38
2022,101,MALTRATTAMENTI CONTRO FAMILIARI E CONVIVENTI,82,61
2022,102,ATTI PERSECUTORI,51,37
2022,102,MALTRATTAMENTI CONTRO FAMILIARI E CONVIVENTI,51,40
2022,103,ATTI PERSECUTORI,59,44
2022,103,MALTRATTAMENTI CONTRO FAMILIARI E CONVIVENTI,45,43
2022,108,ATTI PERSECUTORI,136,106
2022,108,MALTRATTAMENTI CONTRO FAMILIARI E CONVIVENTI,235,199
2022,109,ATTI PERSECUTORI,30,19
2022,109,MALTRATTAMENTI CONTRO FAMILIARI E CONVIVENTI,62,48
2022,110,ATTI PERSECUTORI,117,83
2022,110,MALTRATTAMENTI CONTRO FAMILIARI E CONVIVENTI,105,83
2022,201,ATTI PERSECUTORI,721,504
2022,201,MALTRATTAMENTI CONTRO FAMILIARI E CONVIVENTI,973,788
2022,210,ATTI PERSECUTORI,178,119
2022,210,MALTRATTAMENTI CONTRO FAMILIARI E CONVIVENTI,271,238
2022,215,ATTI PERSECUTORI,784,541
2022,215,MALTRATTAMENTI CONTRO FAMILIARI E CONVIVENTI,1238,983
2022,227,ATTI PERSECUTORI,194,124
2022,227,MALTRATTAMENTI CONTRO FAMILIARI E CONVIVENTI,277,262
2022,237,ATTI PERSECUTORI,305,244
2022,237,MALTRATTAMENTI CONTRO FAMILIARI E CONVIVENTI,557,484
2022,248,ATTI PERSECUTORI,181,142
2022,248,MALTRATTAMENTI CONTRO FAMILIARI E CONVIVENTI,361,321
2022,258,ATTI PERSECUTORI,1464,1011
2022,258,MALTRATTAMENTI CONTRO FAMILIARI E CONVIVENTI,1838,1407
2022,263,ATTI PERSECUTORI,1568,1141
2022,263,MALTRATTAMENTI CONTRO FAMILIARI E CONVIVENTI,2065,1532
2022,272,ATTI PERSECUTORI,376,243
2022,272,MALTRATTAMENTI CONTRO FAMILIARI E CONVIVENTI,440,336
2022,280,ATTI PERSECUTORI,213,133
2022,280,MALTRATTAMENTI CONTRO FAMILIARI E CONVIVENTI,211,170
2022,282,ATTI PERSECUTORI,520,370
2022,282,MALTRATTAMENTI CONTRO FAMILIARI E CONVIVENTI,786,613
2022,283,ATTI PERSECUTORI,283,184
2022,283,MALTRATTAMENTI CONTRO FAMILIARI E CONVIVENTI,303,260
2022,287,ATTI PERSECUTORI,419,306
2022,287,MALTRATTAMENTI CONTRO FAMILIARI E CONVIVENTI,553,466
2022,292,ATTI PERSECUTORI,247,150
2022,292,MALTRATTAMENTI CONTRO FAMILIARI E CONVIVENTI,272,189
2023,002,ATTI PERSECUTORI,53,39
2023,002,MALTRATTAMENTI CONTRO FAMILIARI E CONVIVENTI,66,46
2023,003,ATTI PERSECUTORI,97,78
2023,003,MALTRATTAMENTI CONTRO FAMILIARI E CONVIVENTI,160,127
2023,004,ATTI PERSECUTORI,87,66
2023,004,MALTRATTAMENTI CONTRO FAMILIARI E CONVIVENTI,114,97
2023,005,ATTI PERSECUTORI,39,30
2023,005,MALTRATTAMENTI CONTRO FAMILIARI E CONVIVENTI,61,50
2023,006,ATTI PERSECUTORI,96,78
2023,006,MALTRATTAMENTI CONTRO FAMILIARI E CONVIVENTI,179,157
2023,007,ATTI PERSECUTORI,34,23
2023,007,MALTRATTAMENTI CONTRO FAMILIARI E CONVIVENTI,50,42
2023,008,ATTI PERSECUTORI,46,32
2023,008,MALTRATTAMENTI CONTRO FAMILIARI E CONVIVENTI,77,65
2023,009,ATTI PERSECUTORI,78,57
2023,009,MALTRATTAMENTI CONTRO FAMILIARI E CONVIVENTI,111,108
2023,011,ATTI PERSECUTORI,61,44
2023,011,MALTRATTAMENTI CONTRO FAMILIARI E CONVIVENTI,122,88
2023,012,ATTI PERSECUTORI,263,181
2023,012,MALTRATTAMENTI CONTRO FAMILIARI E CONVIVENTI,343,260
2023,013,ATTI PERSECUTORI,151,101
2023,013,MALTRATTAMENTI CONTRO FAMILIARI E CONVIVENTI,252,192
2023,014,ATTI PERSECUTORI,57,40
2023,014,MALTRATTAMENTI CONTRO FAMILIARI E CONVIVENTI,51,52
2023,016,ATTI PERSECUTORI,213,159
2023,016,MALTRATTAMENTI CONTRO FAMILIARI E CONVIVENTI,433,382
2023,017,ATTI PERSECUTORI,274,198
2023,017,MALTRATTAMENTI CONTRO FAMILIARI E CONVIVENTI,369,338
2023,018,ATTI PERSECUTORI,126,75
2023,018,MALTRATTAMENTI CONTRO FAMILIARI E CONVIVENTI,170,144
2023,019,ATTI PERSECUTORI,84,57
2023,019,MALTRATTAMENTI CONTRO FAMILIARI E CONVIVENTI,102,83
2023,020,ATTI PERSECUTORI,79,52
2023,020,MALTRATTAMENTI CONTRO FAMILIARI E CONVIVENTI,187,161
2023,021,ATTI PERSECUTORI,175,134
2023,021,MALTRATTAMENTI CONTRO FAMILIARI E CONVIVENTI,229,216
2023,022,ATTI PERSECUTORI,130,90
2023,022,MALTRATTAMENTI CONTRO FAMILIARI E CONVIVENTI,136,118
2023,023,ATTI PERSECUTORI,203,140
2023,023,MALTRATTAMENTI CONTRO FAMILIARI E CONVIVENTI,299,259
2023,024,ATTI PERSECUTORI,191,145
2023,024,MALTRATTAMENTI CONTRO FAMILIARI E CONVIVENTI,313,290
2023,025,ATTI PERSECUTORI,40,32
2023,025,MALTRATTAMENTI CONTRO FAMILIARI E CONVIVENTI,71,61
2023,026,ATTI PERSECUTORI,174,117
2023,026,MALTRATTAMENTI CONTRO FAMILIARI E CONVIVENTI,174,149
2023,028,ATTI PERSECUTORI,242,178
2023,028,MALTRATTAMENTI CONTRO FAMILIARI E CONVIVENTI,293,252
2023,029,ATTI PERSECUTORI,55,31
2023,029,MALTRATTAMENTI CONTRO FAMILIARI E CONVIVENTI,115,94
2023,030,ATTI PERSECUTORI,83,63
2023,030,MALTRATTAMENTI CONTRO FAMILIARI E CONVIVENTI,102,85
2023,031,ATTI PERSECUTORI,51,40
2023,031,MALTRATTAMENTI CONTRO FAMILIARI E CONVIVENTI,90,72
2023,032,ATTI PERSECUTORI,91,74
2023,032,MALTRATTAMENTI CONTRO FAMILIARI E CONVIVENTI,120,112
2023,033,ATTI PERSECUTORI,68,57
2023,033,MALTRATTAMENTI CONTRO FAMILIARI E CONVIVENTI,169,136
2023,034,ATTI PERSECUTORI,104,63
2023,034,MALTRATTAMENTI CONTRO FAMILIARI E CONVIVENTI,218,184
2023,035,ATTI PERSECUTORI,114,84
2023,035,MALTRATTAMENTI CONTRO FAMILIARI E CONVIVENTI,152,148
2023,036,ATTI PERSECUTORI,187,121
2023,036,MALTRATTAMENTI CONTRO FAMILIARI E CONVIVENTI,289,249
2023,038,ATTI PERSECUTORI,123,86
2023,038,MALTRATTAMENTI CONTRO FAMILIARI E CONVIVENTI,171,138
2023,039,ATTI PERSECUTORI,100,74
2023,039,MALTRATTAMENTI CONTRO FAMILIARI E CONVIVENTI,170,158
2023,040,ATTI PERSECUTORI,93,71
2023,040,MALTRATTAMENTI CONTRO FAMILIARI E CONVIVENTI,139,118
2023,041,ATTI PERSECUTORI,72,51
2023,041,MALTRATTAMENTI CONTRO FAMILIARI E CONVIVENTI,123,98
2023,042,ATTI PERSECUTORI,105,81
2023,042,MALTRATTAMENTI CONTRO FAMILIARI E CONVIVENTI,120,102
2023,043,ATTI PERSECUTORI,71,44
2023,043,MALTRATTAMENTI CONTRO FAMILIARI E CONVIVENTI,74,52
2023,044,ATTI PERSECUTORI,67,41
2023,044,MALTRATTAMENTI CONTRO FAMILIARI E CONVIVENTI,63,47
2023,045,ATTI PERSECUTORI,55,38
2023,045,MALTRATTAMENTI CONTRO FAMILIARI E CONVIVENTI,75,63
2023,046,ATTI PERSECUTORI,65,48
2023,046,MALTRATTAMENTI CONTRO FAMILIARI E CONVIVENTI,115,95
2023,047,ATTI PERSECUTORI,90,62
2023,047,MALTRATTAMENTI CONTRO FAMILIARI E CONVIVENTI,134,100
2023,049,ATTI PERSECUTORI,123,90
2023,049,MALTRATTAMENTI CONTRO FAMILIARI E CONVIVENTI,180,144
2023,050,ATTI PERSECUTORI,120,78
2023,050,MALTRATTAMENTI CONTRO FAMILIARI E CONVIVENTI,139,112
2023,051,ATTI PERSECUTORI,94,73
2023,051,MALTRATTAMENTI CONTRO FAMILIARI E CONVIVENTI,175,143
2023,052,ATTI PERSECUTORI,51,36
2023,052,MALTRATTAMENTI CONTRO FAMILIARI E CONVIVENTI,104,85
2023,053,ATTI PERSECUTORI,77,53
2023,053,MALTRATTAMENTI CONTRO FAMILIARI E CONVIVENTI,100,82
2023,054,ATTI PERSECUTORI,234,147
2023,054,MALTRATTAMENTI CONTRO FAMILIARI E CONVIVENTI,268,223
2023,055,ATTI PERSECUTORI,67,48
2023,055,MALTRATTAMENTI CONTRO FAMILIARI E CONVIVENTI,68,54
2023,056,ATTI PERSECUTORI,96,71
2023,056,MALTRATTAMENTI CONTRO FAMILIARI E CONVIVENTI,148,106
2023,057,ATTI PERSECUTORI,46,30
2023,057,MALTRATTAMENTI CONTRO FAMILIARI E CONVIVENTI,68,52
2023,059,ATTI PERSECUTORI,333,225
2023,059,MALTRATTAMENTI CONTRO FAMILIARI E CONVIVENTI,360,279
2023,060,ATTI PERSECUTORI,176,129
2023,060,MALTRATTAMENTI CONTRO FAMILIARI E CONVIVENTI,207,158
2023,061,ATTI PERSECUTORI,311,216
2023,061,MALTRATTAMENTI CONTRO FAMILIARI E CONVIVENTI,422,317
2023,062,ATTI PERSECUTORI,77,55
2023,062,MALTRATTAMENTI CONTRO FAMILIARI E CONVIVENTI,110,90
2023,064,ATTI PERSECUTORI,186,130
2023,064,MALTRATTAMENTI CONTRO FAMILIARI E CONVIVENTI,181,149
2023,065,ATTI PERSECUTORI,443,306
2023,065,MALTRATTAMENTI CONTRO FAMILIARI E CONVIVENTI,518,407
2023,066,ATTI PERSECUTORI,119,78
2023,066,MALTRATTAMENTI CONTRO FAMILIARI E CONVIVENTI,117,94
2023,067,ATTI PERSECUTORI,105,72
2023,067,MALTRATTAMENTI CONTRO FAMILIARI E CONVIVENTI,148,124
2023,068,ATTI PERSECUTORI,105,82
2023,068,MALTRATTAMENTI CONTRO FAMILIARI E CONVIVENTI,118,100
2023,069,ATTI PERSECUTORI,109,84
2023,069,MALTRATTAMENTI CONTRO FAMILIARI E CONVIVENTI,94,77
2023,070,ATTI PERSECUTORI,44,30
2023,070,MALTRATTAMENTI CONTRO FAMILIARI E CONVIVENTI,75,55
2023,071,ATTI PERSECUTORI,412,307
2023,071,MALTRATTAMENTI CONTRO FAMILIARI E CONVIVENTI,383,313
2023,073,ATTI PERSECUTORI,252,178
2023,073,MALTRATTAMENTI CONTRO FAMILIARI E CONVIVENTI,272,221
2023,074,ATTI PERSECUTORI,176,128
2023,074,MALTRATTAMENTI CONTRO FAMILIARI E CONVIVENTI,137,103
2023,075,ATTI PERSECUTORI,316,207
2023,075,MALTRATTAMENTI CONTRO FAMILIARI E CONVIVENTI,339,249
2023,076,ATTI PERSECUTORI,94,60
2023,076,MALTRATTAMENTI CONTRO FAMILIARI E CONVIVENTI,111,89
2023,077,ATTI PERSECUTORI,107,65
2023,077,MALTRATTAMENTI CONTRO FAMILIARI E CONVIVENTI,88,67
2023,078,ATTI PERSECUTORI,296,205
2023,078,MALTRATTAMENTI CONTRO FAMILIARI E CONVIVENTI,331,275
2023,079,ATTI PERSECUTORI,187,130
2023,079,MALTRATTAMENTI CONTRO FAMILIARI E CONVIVENTI,212,163
2023,081,ATTI PERSECUTORI,210,151
2023,081,MALTRATTAMENTI CONTRO FAMILIARI E CONVIVENTI,276,223
2023,084,ATTI PERSECUTORI,187,125
2023,084,MALTRATTAMENTI CONTRO FAMILIARI E CONVIVENTI,239,172
2023,085,ATTI PERSECUTORI,166,131
2023,085,MALTRATTAMENTI CONTRO FAMILIARI E CONVIVENTI,247,206
2023,086,ATTI PERSECUTORI,70,48
2023,086,MALTRATTAMENTI CONTRO FAMILIARI E CONVIVENTI,53,47
2023,088,ATTI PERSECUTORI,133,83
2023,088,MALTRATTAMENTI CONTRO FAMILIARI E CONVIVENTI,120,94
2023,089,ATTI PERSECUTORI,230,160
2023,089,MALTRATTAMENTI CONTRO FAMILIARI E CONVIVENTI,279,247
2023,090,ATTI PERSECUTORI,126,94
2023,090,MALTRATTAMENTI CONTRO FAMILIARI E CONVIVENTI,171,144
2023,091,ATTI PERSECUTORI,74,43
2023,091,MALTRATTAMENTI CONTRO FAMILIARI E CONVIVENTI,70,59
2023,093,ATTI PERSECUTORI,71,43
2023,093,MALTRATTAMENTI CONTRO FAMILIARI E CONVIVENTI,48,38
2023,094,ATTI PERSECUTORI,35,23
2023,094,MALTRATTAMENTI CONTRO FAMILIARI E CONVIVENTI,28,22
2023,095,ATTI PERSECUTORI,29,23
2023,095,MALTRATTAMENTI CONTRO FAMILIARI E CONVIVENTI,52,44
2023,096,ATTI PERSECUTORI,52,31
2023,096,MALTRATTAMENTI CONTRO FAMILIARI E CONVIVENTI,72,53
2023,097,ATTI PERSECUTORI,71,59
2023,097,MALTRATTAMENTI CONTRO FAMILIARI E CONVIVENTI,61,48
2023,098,ATTI PERSECUTORI,49,37
2023,098,MALTRATTAMENTI CONTRO FAMILIARI E CONVIVENTI,85,68
2023,099,ATTI PERSECUTORI,79,46
2023,099,MALTRATTAMENTI CONTRO FAMILIARI E CONVIVENTI,137,101
2023,100,ATTI PERSECUTORI,55,35
2023,100,MALTRATTAMENTI CONTRO FAMILIARI E CONVIVENTI,82,68
2023,101,ATTI PERSECUTORI,76,58
2023,101,MALTRATTAMENTI CONTRO FAMILIARI E CONVIVENTI,88,77
2023,102,ATTI PERSECUTORI,73,53
2023,102,MALTRATTAMENTI CONTRO FAMILIARI E CONVIVENTI,53,47
2023,103,ATTI PERSECUTORI,50,35
2023,103,MALTRATTAMENTI CONTRO FAMILIARI E CONVIVENTI,61,51
2023,108,ATTI PERSECUTORI,122,81
2023,108,MALTRATTAMENTI CONTRO FAMILIARI E CONVIVENTI,243,189
2023,109,ATTI PERSECUTORI,53,41
2023,109,MALTRATTAMENTI CONTRO FAMILIARI E CONVIVENTI,82,75
2023,110,ATTI PERSECUTORI,145,99
2023,110,MALTRATTAMENTI CONTRO FAMILIARI E CONVIVENTI,120,94
2023,201,ATTI PERSECUTORI,745,506
2023,201,MALTRATTAMENTI CONTRO FAMILIARI E CONVIVENTI,1051,814
2023,210,ATTI PERSECUTORI,242,156
2023,210,MALTRATTAMENTI CONTRO FAMILIARI E CONVIVENTI,336,257
2023,215,ATTI PERSECUTORI,874,551
2023,215,MALTRATTAMENTI CONTRO FAMILIARI E CONVIVENTI,1338,1001
2023,227,ATTI PERSECUTORI,173,117
2023,227,MALTRATTAMENTI CONTRO FAMILIARI E CONVIVENTI,297,258
2023,237,ATTI PERSECUTORI,361,271
2023,237,MALTRATTAMENTI CONTRO FAMILIARI E CONVIVENTI,527,481
2023,248,ATTI PERSECUTORI,227,155
2023,248,MALTRATTAMENTI CONTRO FAMILIARI E CONVIVENTI,337,288
2023,258,ATTI PERSECUTORI,1558,1044
2023,258,MALTRATTAMENTI CONTRO FAMILIARI E CONVIVENTI,1912,1495
2023,263,ATTI PERSECUTORI,1728,1212
2023,263,MALTRATTAMENTI CONTRO FAMILIARI E CONVIVENTI,2060,1607
2023,272,ATTI PERSECUTORI,322,227
2023,272,MALTRATTAMENTI CONTRO FAMILIARI E CONVIVENTI,383,298
2023,280,ATTI PERSECUTORI,221,140
2023,280,MALTRATTAMENTI CONTRO FAMILIARI E CONVIVENTI,203,160
2023,282,ATTI PERSECUTORI,534,359
2023,282,MALTRATTAMENTI CONTRO FAMILIARI E CONVIVENTI,706,544
2023,283,ATTI PERSECUTORI,324,218
2023,283,MALTRATTAMENTI CONTRO FAMILIARI E CONVIVENTI,284,233
2023,287,ATTI PERSECUTORI,464,377
2023,287,MALTRATTAMENTI CONTRO FAMILIARI E CONVIVENTI,602,511
2023,292,ATTI PERSECUTORI,228,158
2023,292,MALTRATTAMENTI CONTRO FAMILIARI E CONVIVENTI,264,191
2024,002,ATTI PERSECUTORI,49,33
2024,002,MALTRATTAMENTI CONTRO FAMILIARI E CONVIVENTI,59,43
2024,003,ATTI PERSECUTORI,134,94
2024,003,MALTRATTAMENTI CONTRO FAMILIARI E CONVIVENTI,178,145
2024,004,ATTI PERSECUTORI,95,72
2024,004,MALTRATTAMENTI CONTRO FAMILIARI E CONVIVENTI,181,163
2024,005,ATTI PERSECUTORI,43,31
2024,005,MALTRATTAMENTI CONTRO FAMILIARI E CONVIVENTI,72,65
2024,006,ATTI PERSECUTORI,120,96
2024,006,MALTRATTAMENTI CONTRO FAMILIARI E CONVIVENTI,201,168
2024,007,ATTI PERSECUTORI,35,21
2024,007,MALTRATTAMENTI CONTRO FAMILIARI E CONVIVENTI,68,53
2024,008,ATTI PERSECUTORI,66,46
2024,008,MALTRATTAMENTI CONTRO FAMILIARI E CONVIVENTI,95,78
2024,009,ATTI PERSECUTORI,72,42
2024,009,MALTRATTAMENTI CONTRO FAMILIARI E CONVIVENTI,105,85
2024,011,ATTI PERSECUTORI,70,48
2024,011,MALTRATTAMENTI CONTRO FAMILIARI E CONVIVENTI,93,58
2024,012,ATTI PERSECUTORI,245,173
2024,012,MALTRATTAMENTI CONTRO FAMILIARI E CONVIVENTI,341,271
2024,013,ATTI PERSECUTORI,147,100
2024,013,MALTRATTAMENTI CONTRO FAMILIARI E CONVIVENTI,237,179
2024,014,ATTI PERSECUTORI,53,37
2024,014,MALTRATTAMENTI CONTRO FAMILIARI E CONVIVENTI,59,54
2024,016,ATTI PERSECUTORI,288,206
2024,016,MALTRATTAMENTI CONTRO FAMILIARI E CONVIVENTI,659,535
2024,017,ATTI PERSECUTORI,326,240
2024,017,MALTRATTAMENTI CONTRO FAMILIARI E CONVIVENTI,482,396
2024,018,ATTI PERSECUTORI,119,87
2024,018,MALTRATTAMENTI CONTRO FAMILIARI E CONVIVENTI,213,166
2024,019,ATTI PERSECUTORI,57,39
2024,019,MALTRATTAMENTI CONTRO FAMILIARI E CONVIVENTI,111,94
2024,020,ATTI PERSECUTORI,98,60
2024,020,MALTRATTAMENTI CONTRO FAMILIARI E CONVIVENTI,215,179
2024,021,ATTI PERSECUTORI,190,135
2024,021,MALTRATTAMENTI CONTRO FAMILIARI E CONVIVENTI,232,219
2024,022,ATTI PERSECUTORI,123,80
2024,022,MALTRATTAMENTI CONTRO FAMILIARI E CONVIVENTI,139,122
2024,023,ATTI PERSECUTORI,180,128
2024,023,MALTRATTAMENTI CONTRO FAMILIARI E CONVIVENTI,322,267
2024,024,ATTI PERSECUTORI,235,160
2024,024,MALTRATTAMENTI CONTRO FAMILIARI E CONVIVENTI,356,278
2024,025,ATTI PERSECUTORI,44,31
2024,025,MALTRATTAMENTI CONTRO FAMILIARI E CONVIVENTI,48,33
2024,026,ATTI PERSECUTORI,137,99
2024,026,MALTRATTAMENTI CONTRO FAMILIARI E CONVIVENTI,199,173
2024,028,ATTI PERSECUTORI,241,173
2024,028,MALTRATTAMENTI CONTRO FAMILIARI E CONVIVENTI,417,351
2024,029,ATTI PERSECUTORI,71,50
2024,029,MALTRATTAMENTI CONTRO FAMILIARI E CONVIVENTI,92,83
2024,030,ATTI PERSECUTORI,117,85
2024,030,MALTRATTAMENTI CONTRO FAMILIARI E CONVIVENTI,146,127
2024,031,ATTI PERSECUTORI,74,49
2024,031,MALTRATTAMENTI CONTRO FAMILIARI E CONVIVENTI,115,87
2024,032,ATTI PERSECUTORI,93,77
2024,032,MALTRATTAMENTI CONTRO FAMILIARI E CONVIVENTI,162,152
2024,033,ATTI PERSECUTORI,77,50
2024,033,MALTRATTAMENTI CONTRO FAMILIARI E CONVIVENTI,158,131
2024,034,ATTI PERSECUTORI,114,66
2024,034,MALTRATTAMENTI CONTRO FAMILIARI E CONVIVENTI,260,195
2024,035,ATTI PERSECUTORI,116,74
2024,035,MALTRATTAMENTI CONTRO FAMILIARI E CONVIVENTI,194,161
2024,036,ATTI PERSECUTORI,189,140
2024,036,MALTRATTAMENTI CONTRO FAMILIARI E CONVIVENTI,346,289
2024,038,ATTI PERSECUTORI,121,94
2024,038,MALTRATTAMENTI CONTRO FAMILIARI E CONVIVENTI,211,188
2024,039,ATTI PERSECUTORI,124,88
2024,039,MALTRATTAMENTI CONTRO FAMILIARI E CONVIVENTI,237,199
2024,040,ATTI PERSECUTORI,101,62
2024,040,MALTRATTAMENTI CONTRO FAMILIARI E CONVIVENTI,181,144
2024,041,ATTI PERSECUTORI,76,57
2024,041,MALTRATTAMENTI CONTRO FAMILIARI E CONVIVENTI,160,127
2024,042,ATTI PERSECUTORI,101,68
2024,042,MALTRATTAMENTI CONTRO FAMILIARI E CONVIVENTI,142,114
2024,043,ATTI PERSECUTORI,60,41
2024,043,MALTRATTAMENTI CONTRO FAMILIARI E CONVIVENTI,111,97
2024,044,ATTI PERSECUTORI,69,44
2024,044,MALTRATTAMENTI CONTRO FAMILIARI E CONVIVENTI,72,58
2024,045,ATTI PERSECUTORI,76,52
2024,045,MALTRATTAMENTI CONTRO FAMILIARI E CONVIVENTI,112,93
2024,046,ATTI PERSECUTORI,92,68
2024,046,MALTRATTAMENTI CONTRO FAMILIARI E CONVIVENTI,145,116
2024,047,ATTI PERSECUTORI,109,79
2024,047,MALTRATTAMENTI CONTRO FAMILIARI E CONVIVENTI,137,119
2024,049,ATTI PERSECUTORI,122,79
2024,049,MALTRATTAMENTI CONTRO FAMILIARI E CONVIVENTI,192,150
2024,050,ATTI PERSECUTORI,103,75
2024,050,MALTRATTAMENTI CONTRO FAMILIARI E CONVIVENTI,140,105
2024,051,ATTI PERSECUTORI,126,94
2024,051,MALTRATTAMENTI CONTRO FAMILIARI E CONVIVENTI,170,136
2024,052,ATTI PERSECUTORI,55,37
2024,052,MALTRATTAMENTI CONTRO FAMILIARI E CONVIVENTI,87,69
2024,053,ATTI PERSECUTORI,115,54
2024,053,MALTRATTAMENTI CONTRO FAMILIARI E CONVIVENTI,165,100
2024,054,ATTI PERSECUTORI,215,139
2024,054,MALTRATTAMENTI CONTRO FAMILIARI E CONVIVENTI,323,269
2024,055,ATTI PERSECUTORI,65,47
2024,055,MALTRATTAMENTI CONTRO FAMILIARI E CONVIVENTI,87,76
2024,056,ATTI PERSECUTORI,146,97
2024,056,MALTRATTAMENTI CONTRO FAMILIARI E CONVIVENTI,157,109
2024,057,ATTI PERSECUTORI,44,29
2024,057,MALTRATTAMENTI CONTRO FAMILIARI E CONVIVENTI,71,51
2024,059,ATTI PERSECUTORI,349,226
2024,059,MALTRATTAMENTI CONTRO FAMILIARI E CONVIVENTI,431,311
2024,060,ATTI PERSECUTORI,203,142
2024,060,MALTRATTAMENTI CONTRO FAMILIARI E CONVIVENTI,243,195
2024,061,ATTI PERSECUTORI,364,218
2024,061,MALTRATTAMENTI CONTRO FAMILIARI E CONVIVENTI,531,397
2024,062,ATTI PERSECUTORI,89,53
2024,062,MALTRATTAMENTI CONTRO FAMILIARI E CONVIVENTI,103,80
2024,064,ATTI PERSECUTORI,235,156
2024,064,MALTRATTAMENTI CONTRO FAMILIARI E CONVIVENTI,186,147
2024,065,ATTI PERSECUTORI,485,311
2024,065,MALTRATTAMENTI CONTRO FAMILIARI E CONVIVENTI,668,452
2024,066,ATTI PERSECUTORI,131,90
2024,066,MALTRATTAMENTI CONTRO FAMILIARI E CONVIVENTI,97,74
2024,067,ATTI PERSECUTORI,106,53
2024,067,MALTRATTAMENTI CONTRO FAMILIARI E CONVIVENTI,172,133
2024,068,ATTI PERSECUTORI,110,73
2024,068,MALTRATTAMENTI CONTRO FAMILIARI E CONVIVENTI,152,120
2024,069,ATTI PERSECUTORI,142,92
2024,069,MALTRATTAMENTI CONTRO FAMILIARI E CONVIVENTI,128,84
2024,070,ATTI PERSECUTORI,84,58
2024,070,MALTRATTAMENTI CONTRO FAMILIARI E CONVIVENTI,75,57
2024,071,ATTI PERSECUTORI,423,247
2024,071,MALTRATTAMENTI CONTRO FAMILIARI E CONVIVENTI,406,313
2024,073,ATTI PERSECUTORI,289,196
2024,073,MALTRATTAMENTI CONTRO FAMILIARI E CONVIVENTI,315,236
2024,074,ATTI PERSECUTORI,191,110
2024,074,MALTRATTAMENTI CONTRO FAMILIARI E CONVIVENTI,163,115
2024,075,ATTI PERSECUTORI,434,248
2024,075,MALTRATTAMENTI CONTRO FAMILIARI E CONVIVENTI,423,299
2024,076,ATTI PERSECUTORI,112,77
2024,076,MALTRATTAMENTI CONTRO FAMILIARI E CONVIVENTI,171,129
2024,077,ATTI PERSECUTORI,131,83
2024,077,MALTRATTAMENTI CONTRO FAMILIARI E CONVIVENTI,132,104
2024,078,ATTI PERSECUTORI,296,173
2024,078,MALTRATTAMENTI CONTRO FAMILIARI E CONVIVENTI,333,258
2024,079,ATTI PERSECUTORI,218,131
2024,079,MALTRATTAMENTI CONTRO FAMILIARI E CONVIVENTI,213,168
2024,081,ATTI PERSECUTORI,195,124
2024,081,MALTRATTAMENTI CONTRO FAMILIARI E CONVIVENTI,282,234
2024,084,ATTI PERSECUTORI,210,132
2024,084,MALTRATTAMENTI CONTRO FAMILIARI E CONVIVENTI,277,172
2024,085,ATTI PERSECUTORI,163,111
2024,085,MALTRATTAMENTI CONTRO FAMILIARI E CONVIVENTI,231,208
2024,086,ATTI PERSECUTORI,60,36
2024,086,MALTRATTAMENTI CONTRO FAMILIARI E CONVIVENTI,72,65
2024,088,ATTI PERSECUTORI,118,88
2024,088,MALTRATTAMENTI CONTRO FAMILIARI E CONVIVENTI,143,117
2024,089,ATTI PERSECUTORI,219,155
2024,089,MALTRATTAMENTI CONTRO FAMILIARI E CONVIVENTI,266,206
2024,090,ATTI PERSECUTORI,148,91
2024,090,MALTRATTAMENTI CONTRO FAMILIARI E CONVIVENTI,169,119
2024,091,ATTI PERSECUTORI,93,61
2024,091,MALTRATTAMENTI CONTRO FAMILIARI E CONVIVENTI,84,65
2024,093,ATTI PERSECUTORI,48,27
2024,093,MALTRATTAMENTI CONTRO FAMILIARI E CONVIVENTI,56,51
2024,094,ATTI PERSECUTORI,26,16
2024,094,MALTRATTAMENTI CONTRO FAMILIARI E CONVIVENTI,31,23
2024,095,ATTI PERSECUTORI,48,27
2024,095,MALTRATTAMENTI CONTRO FAMILIARI E CONVIVENTI,53,44
2024,096,ATTI PERSECUTORI,54,31
2024,096,MALTRATTAMENTI CONTRO FAMILIARI E CONVIVENTI,85,60
2024,097,ATTI PERSECUTORI,45,37
2024,097,MALTRATTAMENTI CONTRO FAMILIARI E CONVIVENTI,69,54
2024,098,ATTI PERSECUTORI,39,26
2024,098,MALTRATTAMENTI CONTRO FAMILIARI E CONVIVENTI,93,82
2024,099,ATTI PERSECUTORI,89,56
2024,099,MALTRATTAMENTI CONTRO FAMILIARI E CONVIVENTI,141,103
2024,100,ATTI PERSECUTORI,53,35
2024,100,MALTRATTAMENTI CONTRO FAMILIARI E CONVIVENTI,102,85
2024,101,ATTI PERSECUTORI,63,37
2024,101,MALTRATTAMENTI CONTRO FAMILIARI E CONVIVENTI,107,81
2024,102,ATTI PERSECUTORI,64,50
2024,102,MALTRATTAMENTI CONTRO FAMILIARI E CONVIVENTI,60,47
2024,103,ATTI PERSECUTORI,49,29
2024,103,MALTRATTAMENTI CONTRO FAMILIARI E CONVIVENTI,50,43
2024,108,ATTI PERSECUTORI,144,88
2024,108,MALTRATTAMENTI CONTRO FAMILIARI E CONVIVENTI,324,247
2024,109,ATTI PERSECUTORI,58,45
2024,109,MALTRATTAMENTI CONTRO FAMILIARI E CONVIVENTI,76,63
2024,110,ATTI PERSECUTORI,183,121
2024,110,MALTRATTAMENTI CONTRO FAMILIARI E CONVIVENTI,225,171
2024,201,ATTI PERSECUTORI,739,490
2024,201,MALTRATTAMENTI CONTRO FAMILIARI E CONVIVENTI,998,729
2024,210,ATTI PERSECUTORI,277,183
2024,210,MALTRATTAMENTI CONTRO FAMILIARI E CONVIVENTI,297,224
2024,215,ATTI PERSECUTORI,976,543
2024,215,MALTRATTAMENTI CONTRO FAMILIARI E CONVIVENTI,1529,995
2024,227,ATTI PERSECUTORI,245,168
2024,227,MALTRATTAMENTI CONTRO FAMILIARI E CONVIVENTI,298,228
2024,237,ATTI PERSECUTORI,342,224
2024,237,MALTRATTAMENTI CONTRO FAMILIARI E CONVIVENTI,543,484
2024,248,ATTI PERSECUTORI,305,205
2024,248,MALTRATTAMENTI CONTRO FAMILIARI E CONVIVENTI,424,379
2024,258,ATTI PERSECUTORI,1777,1046
2024,258,MALTRATTAMENTI CONTRO FAMILIARI E CONVIVENTI,2277,1590
2024,263,ATTI PERSECUTORI,1768,1220
2024,263,MALTRATTAMENTI CONTRO FAMILIARI E CONVIVENTI,2172,1517
2024,272,ATTI PERSECUTORI,357,245
2024,272,MALTRATTAMENTI CONTRO FAMILIARI E CONVIVENTI,451,350
2024,280,ATTI PERSECUTORI,194,128
2024,280,MALTRATTAMENTI CONTRO FAMILIARI E CONVIVENTI,219,175
2024,282,ATTI PERSECUTORI,502,318
2024,282,MALTRATTAMENTI CONTRO FAMILIARI E CONVIVENTI,709,543
2024,283,ATTI PERSECUTORI,285,180
2024,283,MALTRATTAMENTI CONTRO FAMILIARI E CONVIVENTI,346,284
2024,287,ATTI PERSECUTORI,471,339
2024,287,MALTRATTAMENTI CONTRO FAMILIARI E CONVIVENTI,706,578
2024,292,ATTI PERSECUTORI,257,194
2024,292,MALTRATTAMENTI CONTRO FAMILIARI E CONVIVENTI,268,193
