provincia,descrizione_reato,anno,_value
AGRIGENTO,ATTI PERSECUTORI,2019,194
AGRIGENTO,ATTI PERSECUTORI,2020,197
AGRIGENTO,ATTI PERSECUTORI,2021,185
AGRIGENTO,ATTI PERSECUTORI,2022,161
AGRIGENTO,ATTI PERSECUTORI,2023,187
AGRIGENTO,ATTI PERSECUTORI,2024,210
AGRIGENTO,MALTRATTAMENTI CONTRO FAMILIARI E CONVIVENTI,2019,148
AGRIGENTO,MALTRATTAMENTI CONTRO FAMILIARI E CONVIVENTI,2020,168
AGRIGENTO,MALTRATTAMENTI CONTRO FAMILIARI E CONVIVENTI,2021,198
AGRIGENTO,MALTRATTAMENTI CONTRO FAMILIARI E CONVIVENTI,2022,211
AGRIGENTO,MALTRATTAMENTI CONTRO FAMILIARI E CONVIVENTI,2023,239
AGRIGENTO,MALTRATTAMENTI CONTRO FAMILIARI E CONVIVENTI,2024,277
ALESSANDRIA,ATTI PERSECUTORI,2019,87
ALESSANDRIA,ATTI PERSECUTORI,2020,93
ALESSANDRIA,ATTI PERSECUTORI,2021,110
ALESSANDRIA,ATTI PERSECUTORI,2022,93
ALESSANDRIA,ATTI PERSECUTORI,2023,96
ALESSANDRIA,ATTI PERSECUTORI,2024,120
ALESSANDRIA,MALTRATTAMENTI CONTRO FAMILIARI E CONVIVENTI,2019,119
ALESSANDRIA,MALTRATTAMENTI CONTRO FAMILIARI E CONVIVENTI,2020,160
ALESSANDRIA,MALTRATTAMENTI CONTRO FAMILIARI E CONVIVENTI,2021,141
ALESSANDRIA,MALTRATTAMENTI CONTRO FAMILIARI E CONVIVENTI,2022,150
ALESSANDRIA,MALTRATTAMENTI CONTRO FAMILIARI E CONVIVENTI,2023,179
ALESSANDRIA,MALTRATTAMENTI CONTRO FAMILIARI E CONVIVENTI,2024,201
ANCONA,ATTI PERSECUTORI,2019,111
ANCONA,ATTI PERSECUTORI,2020,105
ANCONA,ATTI PERSECUTORI,2021,102
ANCONA,ATTI PERSECUTORI,2022,110
ANCONA,ATTI PERSECUTORI,2023,105
ANCONA,ATTI PERSECUTORI,2024,101
ANCONA,MALTRATTAMENTI CONTRO FAMILIARI E CONVIVENTI,2019,117
ANCONA,MALTRATTAMENTI CONTRO FAMILIARI E CONVIVENTI,2020,108
ANCONA,MALTRATTAMENTI CONTRO FAMILIARI E CONVIVENTI,2021,114
ANCONA,MALTRATTAMENTI CONTRO FAMILIARI E CONVIVENTI,2022,125
ANCONA,MALTRATTAMENTI CONTRO FAMILIARI E CONVIVENTI,2023,120
ANCONA,MALTRATTAMENTI CONTRO FAMILIARI E CONVIVENTI,2024,142
AOSTA,ATTI PERSECUTORI,2019,20
AOSTA,ATTI PERSECUTORI,2020,23
AOSTA,ATTI PERSECUTORI,2021,27
AOSTA,ATTI PERSECUTORI,2022,27
AOSTA,ATTI PERSECUTORI,2023,34
AOSTA,ATTI PERSECUTORI,2024,35
AOSTA,MALTRATTAMENTI CONTRO FAMILIARI E CONVIVENTI,2019,18
AOSTA,MALTRATTAMENTI CONTRO FAMILIARI E CONVIVENTI,2020,26
AOSTA,MALTRATTAMENTI CONTRO FAMILIARI E CONVIVENTI,2021,27
AOSTA,MALTRATTAMENTI CONTRO FAMILIARI E CONVIVENTI,2022,41
AOSTA,MALTRATTAMENTI CONTRO FAMILIARI E CONVIVENTI,2023,50
AOSTA,MALTRATTAMENTI CONTRO FAMILIARI E CONVIVENTI,2024,68
AREZZO,ATTI PERSECUTORI,2019,88
AREZZO,ATTI PERSECUTORI,2020,94
AREZZO,ATTI PERSECUTORI,2021,78
AREZZO,ATTI PERSECUTORI,2022,98
AREZZO,ATTI PERSECUTORI,2023,94
AREZZO,ATTI PERSECUTORI,2024,126
AREZZO,MALTRATTAMENTI CONTRO FAMILIARI E CONVIVENTI,2019,93
AREZZO,MALTRATTAMENTI CONTRO FAMILIARI E CONVIVENTI,2020,114
AREZZO,MALTRATTAMENTI CONTRO FAMILIARI E CONVIVENTI,2021,128
AREZZO,MALTRATTAMENTI CONTRO FAMILIARI E CONVIVENTI,2022,145
AREZZO,MALTRATTAMENTI CONTRO FAMILIARI E CONVIVENTI,2023,175
AREZZO,MALTRATTAMENTI CONTRO FAMILIARI E CONVIVENTI,2024,170
ASCOLI PICENO,ATTI PERSECUTORI,2019,48
ASCOLI PICENO,ATTI PERSECUTORI,2020,50
ASCOLI PICENO,ATTI PERSECUTORI,2021,60
ASCOLI PICENO,ATTI PERSECUTORI,2022,76
ASCOLI PICENO,ATTI PERSECUTORI,2023,67
ASCOLI PICENO,ATTI PERSECUTORI,2024,69
ASCOLI PICENO,MALTRATTAMENTI CONTRO FAMILIARI E CONVIVENTI,2019,44
ASCOLI PICENO,MALTRATTAMENTI CONTRO FAMILIARI E CONVIVENTI,2020,62
ASCOLI PICENO,MALTRATTAMENTI CONTRO FAMILIARI E CONVIVENTI,2021,79
ASCOLI PICENO,MALTRATTAMENTI CONTRO FAMILIARI E CONVIVENTI,2022,57
ASCOLI PICENO,MALTRATTAMENTI CONTRO FAMILIARI E CONVIVENTI,2023,63
ASCOLI PICENO,MALTRATTAMENTI CONTRO FAMILIARI E CONVIVENTI,2024,72
ASTI,ATTI PERSECUTORI,2019,38
ASTI,ATTI PERSECUTORI,2020,33
ASTI,ATTI PERSECUTORI,2021,41
ASTI,ATTI PERSECUTORI,2022,38
ASTI,ATTI PERSECUTORI,2023,39
ASTI,ATTI PERSECUTORI,2024,43
ASTI,MALTRATTAMENTI CONTRO FAMILIARI E CONVIVENTI,2019,77
ASTI,MALTRATTAMENTI CONTRO FAMILIARI E CONVIVENTI,2020,52
ASTI,MALTRATTAMENTI CONTRO FAMILIARI E CONVIVENTI,2021,82
ASTI,MALTRATTAMENTI CONTRO FAMILIARI E CONVIVENTI,2022,68
ASTI,MALTRATTAMENTI CONTRO FAMILIARI E CONVIVENTI,2023,61
ASTI,MALTRATTAMENTI CONTRO FAMILIARI E CONVIVENTI,2024,72
AVELLINO,ATTI PERSECUTORI,2019,221
AVELLINO,ATTI PERSECUTORI,2020,237
AVELLINO,ATTI PERSECUTORI,2021,291
AVELLINO,ATTI PERSECUTORI,2022,255
AVELLINO,ATTI PERSECUTORI,2023,186
AVELLINO,ATTI PERSECUTORI,2024,235
AVELLINO,MALTRATTAMENTI CONTRO FAMILIARI E CONVIVENTI,2019,206
AVELLINO,MALTRATTAMENTI CONTRO FAMILIARI E CONVIVENTI,2020,207
AVELLINO,MALTRATTAMENTI CONTRO FAMILIARI E CONVIVENTI,2021,233
AVELLINO,MALTRATTAMENTI CONTRO FAMILIARI E CONVIVENTI,2022,197
AVELLINO,MALTRATTAMENTI CONTRO FAMILIARI E CONVIVENTI,2023,181
AVELLINO,MALTRATTAMENTI CONTRO FAMILIARI E CONVIVENTI,2024,186
BARI,ATTI PERSECUTORI,2019,283
BARI,ATTI PERSECUTORI,2020,340
BARI,ATTI PERSECUTORI,2021,364
BARI,ATTI PERSECUTORI,2022,376
BARI,ATTI PERSECUTORI,2023,322
BARI,ATTI PERSECUTORI,2024,357
BARI,MALTRATTAMENTI CONTRO FAMILIARI E CONVIVENTI,2019,366
BARI,MALTRATTAMENTI CONTRO FAMILIARI E CONVIVENTI,2020,378
BARI,MALTRATTAMENTI CONTRO FAMILIARI E CONVIVENTI,2021,444
BARI,MALTRATTAMENTI CONTRO FAMILIARI E CONVIVENTI,2022,440
BARI,MALTRATTAMENTI CONTRO FAMILIARI E CONVIVENTI,2023,383
BARI,MALTRATTAMENTI CONTRO FAMILIARI E CONVIVENTI,2024,451
BARLETTA-ANDRIA-TRANI,ATTI PERSECUTORI,2019,105
BARLETTA-ANDRIA-TRANI,ATTI PERSECUTORI,2020,129
BARLETTA-ANDRIA-TRANI,ATTI PERSECUTORI,2021,130
BARLETTA-ANDRIA-TRANI,ATTI PERSECUTORI,2022,117
BARLETTA-ANDRIA-TRANI,ATTI PERSECUTORI,2023,145
BARLETTA-ANDRIA-TRANI,ATTI PERSECUTORI,2024,183
BARLETTA-ANDRIA-TRANI,MALTRATTAMENTI CONTRO FAMILIARI E CONVIVENTI,2019,103
BARLETTA-ANDRIA-TRANI,MALTRATTAMENTI CONTRO FAMILIARI E CONVIVENTI,2020,109
BARLETTA-ANDRIA-TRANI,MALTRATTAMENTI CONTRO FAMILIARI E CONVIVENTI,2021,118
BARLETTA-ANDRIA-TRANI,MALTRATTAMENTI CONTRO FAMILIARI E CONVIVENTI,2022,105
BARLETTA-ANDRIA-TRANI,MALTRATTAMENTI CONTRO FAMILIARI E CONVIVENTI,2023,120
BARLETTA-ANDRIA-TRANI,MALTRATTAMENTI CONTRO FAMILIARI E CONVIVENTI,2024,225
BELLUNO,ATTI PERSECUTORI,2019,34
BELLUNO,ATTI PERSECUTORI,2020,38
BELLUNO,ATTI PERSECUTORI,2021,41
BELLUNO,ATTI PERSECUTORI,2022,37
BELLUNO,ATTI PERSECUTORI,2023,40
BELLUNO,ATTI PERSECUTORI,2024,44
BELLUNO,MALTRATTAMENTI CONTRO FAMILIARI E CONVIVENTI,2019,71
BELLUNO,MALTRATTAMENTI CONTRO FAMILIARI E CONVIVENTI,2020,49
BELLUNO,MALTRATTAMENTI CONTRO FAMILIARI E CONVIVENTI,2021,52
BELLUNO,MALTRATTAMENTI CONTRO FAMILIARI E CONVIVENTI,2022,41
BELLUNO,MALTRATTAMENTI CONTRO FAMILIARI E CONVIVENTI,2023,71
BELLUNO,MALTRATTAMENTI CONTRO FAMILIARI E CONVIVENTI,2024,48
BENEVENTO,ATTI PERSECUTORI,2019,74
BENEVENTO,ATTI PERSECUTORI,2020,115
BENEVENTO,ATTI PERSECUTORI,2021,99
BENEVENTO,ATTI PERSECUTORI,2022,76
BENEVENTO,ATTI PERSECUTORI,2023,77
BENEVENTO,ATTI PERSECUTORI,2024,89
BENEVENTO,MALTRATTAMENTI CONTRO FAMILIARI E CONVIVENTI,2019,85
BENEVENTO,MALTRATTAMENTI CONTRO FAMILIARI E CONVIVENTI,2020,79
BENEVENTO,MALTRATTAMENTI CONTRO FAMILIARI E CONVIVENTI,2021,76
BENEVENTO,MALTRATTAMENTI CONTRO FAMILIARI E CONVIVENTI,2022,96
BENEVENTO,MALTRATTAMENTI CONTRO FAMILIARI E CONVIVENTI,2023,110
BENEVENTO,MALTRATTAMENTI CONTRO FAMILIARI E CONVIVENTI,2024,103
BERGAMO,ATTI PERSECUTORI,2019,224
BERGAMO,ATTI PERSECUTORI,2020,176
BERGAMO,ATTI PERSECUTORI,2021,204
BERGAMO,ATTI PERSECUTORI,2022,214
BERGAMO,ATTI PERSECUTORI,2023,213
BERGAMO,ATTI PERSECUTORI,2024,288
BERGAMO,MALTRATTAMENTI CONTRO FAMILIARI E CONVIVENTI,2019,418
BERGAMO,MALTRATTAMENTI CONTRO FAMILIARI E CONVIVENTI,2020,362
BERGAMO,MALTRATTAMENTI CONTRO FAMILIARI E CONVIVENTI,2021,381
BERGAMO,MALTRATTAMENTI CONTRO FAMILIARI E CONVIVENTI,2022,423
BERGAMO,MALTRATTAMENTI CONTRO FAMILIARI E CONVIVENTI,2023,433
BERGAMO,MALTRATTAMENTI CONTRO FAMILIARI E CONVIVENTI,2024,659
BIELLA,ATTI PERSECUTORI,2019,43
BIELLA,ATTI PERSECUTORI,2020,53
BIELLA,ATTI PERSECUTORI,2021,67
BIELLA,ATTI PERSECUTORI,2022,68
BIELLA,ATTI PERSECUTORI,2023,52
BIELLA,ATTI PERSECUTORI,2024,54
BIELLA,MALTRATTAMENTI CONTRO FAMILIARI E CONVIVENTI,2019,55
BIELLA,MALTRATTAMENTI CONTRO FAMILIARI E CONVIVENTI,2020,80
BIELLA,MALTRATTAMENTI CONTRO FAMILIARI E CONVIVENTI,2021,103
BIELLA,MALTRATTAMENTI CONTRO FAMILIARI E CONVIVENTI,2022,72
BIELLA,MALTRATTAMENTI CONTRO FAMILIARI E CONVIVENTI,2023,72
BIELLA,MALTRATTAMENTI CONTRO FAMILIARI E CONVIVENTI,2024,85
BOLOGNA,ATTI PERSECUTORI,2019,332
BOLOGNA,ATTI PERSECUTORI,2020,333
BOLOGNA,ATTI PERSECUTORI,2021,320
BOLOGNA,ATTI PERSECUTORI,2022,305
BOLOGNA,ATTI PERSECUTORI,2023,361
BOLOGNA,ATTI PERSECUTORI,2024,342
BOLOGNA,MALTRATTAMENTI CONTRO FAMILIARI E CONVIVENTI,2019,439
BOLOGNA,MALTRATTAMENTI CONTRO FAMILIARI E CONVIVENTI,2020,512
BOLOGNA,MALTRATTAMENTI CONTRO FAMILIARI E CONVIVENTI,2021,547
BOLOGNA,MALTRATTAMENTI CONTRO FAMILIARI E CONVIVENTI,2022,557
BOLOGNA,MALTRATTAMENTI CONTRO FAMILIARI E CONVIVENTI,2023,527
BOLOGNA,MALTRATTAMENTI CONTRO FAMILIARI E CONVIVENTI,2024,543
BOLZANO,ATTI PERSECUTORI,2019,98
BOLZANO,ATTI PERSECUTORI,2020,93
BOLZANO,ATTI PERSECUTORI,2021,117
BOLZANO,ATTI PERSECUTORI,2022,106
BOLZANO,ATTI PERSECUTORI,2023,175
BOLZANO,ATTI PERSECUTORI,2024,190
BOLZANO,MALTRATTAMENTI CONTRO FAMILIARI E CONVIVENTI,2019,175
BOLZANO,MALTRATTAMENTI CONTRO FAMILIARI E CONVIVENTI,2020,181
BOLZANO,MALTRATTAMENTI CONTRO FAMILIARI E CONVIVENTI,2021,193
BOLZANO,MALTRATTAMENTI CONTRO FAMILIARI E CONVIVENTI,2022,187
BOLZANO,MALTRATTAMENTI CONTRO FAMILIARI E CONVIVENTI,2023,229
BOLZANO,MALTRATTAMENTI CONTRO FAMILIARI E CONVIVENTI,2024,232
BRESCIA,ATTI PERSECUTORI,2019,238
BRESCIA,ATTI PERSECUTORI,2020,233
BRESCIA,ATTI PERSECUTORI,2021,342
BRESCIA,ATTI PERSECUTORI,2022,298
BRESCIA,ATTI PERSECUTORI,2023,274
BRESCIA,ATTI PERSECUTORI,2024,326
BRESCIA,MALTRATTAMENTI CONTRO FAMILIARI E CONVIVENTI,2019,274
BRESCIA,MALTRATTAMENTI CONTRO FAMILIARI E CONVIVENTI,2020,298
BRESCIA,MALTRATTAMENTI CONTRO FAMILIARI E CONVIVENTI,2021,401
BRESCIA,MALTRATTAMENTI CONTRO FAMILIARI E CONVIVENTI,2022,402
BRESCIA,MALTRATTAMENTI CONTRO FAMILIARI E CONVIVENTI,2023,369
BRESCIA,MALTRATTAMENTI CONTRO FAMILIARI E CONVIVENTI,2024,482
BRINDISI,ATTI PERSECUTORI,2019,131
BRINDISI,ATTI PERSECUTORI,2020,125
BRINDISI,ATTI PERSECUTORI,2021,154
BRINDISI,ATTI PERSECUTORI,2022,153
BRINDISI,ATTI PERSECUTORI,2023,176
BRINDISI,ATTI PERSECUTORI,2024,191
BRINDISI,MALTRATTAMENTI CONTRO FAMILIARI E CONVIVENTI,2019,136
BRINDISI,MALTRATTAMENTI CONTRO FAMILIARI E CONVIVENTI,2020,117
BRINDISI,MALTRATTAMENTI CONTRO FAMILIARI E CONVIVENTI,2021,144
BRINDISI,MALTRATTAMENTI CONTRO FAMILIARI E CONVIVENTI,2022,150
BRINDISI,MALTRATTAMENTI CONTRO FAMILIARI E CONVIVENTI,2023,137
BRINDISI,MALTRATTAMENTI CONTRO FAMILIARI E CONVIVENTI,2024,163
CAGLIARI,ATTI PERSECUTORI,2019,154
CAGLIARI,ATTI PERSECUTORI,2020,203
CAGLIARI,ATTI PERSECUTORI,2021,243
CAGLIARI,ATTI PERSECUTORI,2022,247
CAGLIARI,ATTI PERSECUTORI,2023,228
CAGLIARI,ATTI PERSECUTORI,2024,257
CAGLIARI,MALTRATTAMENTI CONTRO FAMILIARI E CONVIVENTI,2019,255
CAGLIARI,MALTRATTAMENTI CONTRO FAMILIARI E CONVIVENTI,2020,241
CAGLIARI,MALTRATTAMENTI CONTRO FAMILIARI E CONVIVENTI,2021,285
CAGLIARI,MALTRATTAMENTI CONTRO FAMILIARI E CONVIVENTI,2022,272
CAGLIARI,MALTRATTAMENTI CONTRO FAMILIARI E CONVIVENTI,2023,264
CAGLIARI,MALTRATTAMENTI CONTRO FAMILIARI E CONVIVENTI,2024,268
CALTANISSETTA,ATTI PERSECUTORI,2019,75
CALTANISSETTA,ATTI PERSECUTORI,2020,170
CALTANISSETTA,ATTI PERSECUTORI,2021,149
CALTANISSETTA,ATTI PERSECUTORI,2022,168
CALTANISSETTA,ATTI PERSECUTORI,2023,166
CALTANISSETTA,ATTI PERSECUTORI,2024,163
CALTANISSETTA,MALTRATTAMENTI CONTRO FAMILIARI E CONVIVENTI,2019,124
CALTANISSETTA,MALTRATTAMENTI CONTRO FAMILIARI E CONVIVENTI,2020,172
CALTANISSETTA,MALTRATTAMENTI CONTRO FAMILIARI E CONVIVENTI,2021,195
CALTANISSETTA,MALTRATTAMENTI CONTRO FAMILIARI E CONVIVENTI,2022,205
CALTANISSETTA,MALTRATTAMENTI CONTRO FAMILIARI E CONVIVENTI,2023,247
CALTANISSETTA,MALTRATTAMENTI CONTRO FAMILIARI E CONVIVENTI,2024,231
CAMPOBASSO,ATTI PERSECUTORI,2019,56
CAMPOBASSO,ATTI PERSECUTORI,2020,63
CAMPOBASSO,ATTI PERSECUTORI,2021,54
CAMPOBASSO,ATTI PERSECUTORI,2022,49
CAMPOBASSO,ATTI PERSECUTORI,2023,44
CAMPOBASSO,ATTI PERSECUTORI,2024,84
CAMPOBASSO,MALTRATTAMENTI CONTRO FAMILIARI E CONVIVENTI,2019,102
CAMPOBASSO,MALTRATTAMENTI CONTRO FAMILIARI E CONVIVENTI,2020,80
CAMPOBASSO,MALTRATTAMENTI CONTRO FAMILIARI E CONVIVENTI,2021,53
CAMPOBASSO,MALTRATTAMENTI CONTRO FAMILIARI E CONVIVENTI,2022,54
CAMPOBASSO,MALTRATTAMENTI CONTRO FAMILIARI E CONVIVENTI,2023,75
CAMPOBASSO,MALTRATTAMENTI CONTRO FAMILIARI E CONVIVENTI,2024,75
CASERTA,ATTI PERSECUTORI,2019,312
CASERTA,ATTI PERSECUTORI,2020,323
CASERTA,ATTI PERSECUTORI,2021,314
CASERTA,ATTI PERSECUTORI,2022,290
CASERTA,ATTI PERSECUTORI,2023,311
CASERTA,ATTI PERSECUTORI,2024,364
CASERTA,MALTRATTAMENTI CONTRO FAMILIARI E CONVIVENTI,2019,458
CASERTA,MALTRATTAMENTI CONTRO FAMILIARI E CONVIVENTI,2020,446
CASERTA,MALTRATTAMENTI CONTRO FAMILIARI E CONVIVENTI,2021,410
CASERTA,MALTRATTAMENTI CONTRO FAMILIARI E CONVIVENTI,2022,406
CASERTA,MALTRATTAMENTI CONTRO FAMILIARI E CONVIVENTI,2023,422
CASERTA,MALTRATTAMENTI CONTRO FAMILIARI E CONVIVENTI,2024,531
CATANIA,ATTI PERSECUTORI,2019,363
CATANIA,ATTI PERSECUTORI,2020,335
CATANIA,ATTI PERSECUTORI,2021,374
CATANIA,ATTI PERSECUTORI,2022,419
CATANIA,ATTI PERSECUTORI,2023,464
CATANIA,ATTI PERSECUTORI,2024,471
CATANIA,MALTRATTAMENTI CONTRO FAMILIARI E CONVIVENTI,2019,569
CATANIA,MALTRATTAMENTI CONTRO FAMILIARI E CONVIVENTI,2020,489
CATANIA,MALTRATTAMENTI CONTRO FAMILIARI E CONVIVENTI,2021,534
CATANIA,MALTRATTAMENTI CONTRO FAMILIARI E CONVIVENTI,2022,553
CATANIA,MALTRATTAMENTI CONTRO FAMILIARI E CONVIVENTI,2023,602
CATANIA,MALTRATTAMENTI CONTRO FAMILIARI E CONVIVENTI,2024,706
CATANZARO,ATTI PERSECUTORI,2019,162
CATANZARO,ATTI PERSECUTORI,2020,185
CATANZARO,ATTI PERSECUTORI,2021,193
CATANZARO,ATTI PERSECUTORI,2022,195
CATANZARO,ATTI PERSECUTORI,2023,187
CATANZARO,ATTI PERSECUTORI,2024,218
CATANZARO,MALTRATTAMENTI CONTRO FAMILIARI E CONVIVENTI,2019,175
CATANZARO,MALTRATTAMENTI CONTRO FAMILIARI E CONVIVENTI,2020,176
CATANZARO,MALTRATTAMENTI CONTRO FAMILIARI E CONVIVENTI,2021,172
CATANZARO,MALTRATTAMENTI CONTRO FAMILIARI E CONVIVENTI,2022,202
CATANZARO,MALTRATTAMENTI CONTRO FAMILIARI E CONVIVENTI,2023,212
CATANZARO,MALTRATTAMENTI CONTRO FAMILIARI E CONVIVENTI,2024,213
CHIETI,ATTI PERSECUTORI,2019,100
CHIETI,ATTI PERSECUTORI,2020,115
CHIETI,ATTI PERSECUTORI,2021,110
CHIETI,ATTI PERSECUTORI,2022,125
CHIETI,ATTI PERSECUTORI,2023,109
CHIETI,ATTI PERSECUTORI,2024,142
CHIETI,MALTRATTAMENTI CONTRO FAMILIARI E CONVIVENTI,2019,82
CHIETI,MALTRATTAMENTI CONTRO FAMILIARI E CONVIVENTI,2020,108
CHIETI,MALTRATTAMENTI CONTRO FAMILIARI E CONVIVENTI,2021,102
CHIETI,MALTRATTAMENTI CONTRO FAMILIARI E CONVIVENTI,2022,100
CHIETI,MALTRATTAMENTI CONTRO FAMILIARI E CONVIVENTI,2023,94
CHIETI,MALTRATTAMENTI CONTRO FAMILIARI E CONVIVENTI,2024,128
COMO,ATTI PERSECUTORI,2019,111
COMO,ATTI PERSECUTORI,2020,100
COMO,ATTI PERSECUTORI,2021,124
COMO,ATTI PERSECUTORI,2022,163
COMO,ATTI PERSECUTORI,2023,151
COMO,ATTI PERSECUTORI,2024,147
COMO,MALTRATTAMENTI CONTRO FAMILIARI E CONVIVENTI,2019,169
COMO,MALTRATTAMENTI CONTRO FAMILIARI E CONVIVENTI,2020,164
COMO,MALTRATTAMENTI CONTRO FAMILIARI E CONVIVENTI,2021,191
COMO,MALTRATTAMENTI CONTRO FAMILIARI E CONVIVENTI,2022,190
COMO,MALTRATTAMENTI CONTRO FAMILIARI E CONVIVENTI,2023,252
COMO,MALTRATTAMENTI CONTRO FAMILIARI E CONVIVENTI,2024,237
COSENZA,ATTI PERSECUTORI,2019,184
COSENZA,ATTI PERSECUTORI,2020,170
COSENZA,ATTI PERSECUTORI,2021,235
COSENZA,ATTI PERSECUTORI,2022,257
COSENZA,ATTI PERSECUTORI,2023,296
COSENZA,ATTI PERSECUTORI,2024,296
COSENZA,MALTRATTAMENTI CONTRO FAMILIARI E CONVIVENTI,2019,225
COSENZA,MALTRATTAMENTI CONTRO FAMILIARI E CONVIVENTI,2020,196
COSENZA,MALTRATTAMENTI CONTRO FAMILIARI E CONVIVENTI,2021,280
COSENZA,MALTRATTAMENTI CONTRO FAMILIARI E CONVIVENTI,2022,280
COSENZA,MALTRATTAMENTI CONTRO FAMILIARI E CONVIVENTI,2023,331
COSENZA,MALTRATTAMENTI CONTRO FAMILIARI E CONVIVENTI,2024,333
CREMONA,ATTI PERSECUTORI,2019,52
CREMONA,ATTI PERSECUTORI,2020,43
CREMONA,ATTI PERSECUTORI,2021,58
CREMONA,ATTI PERSECUTORI,2022,67
CREMONA,ATTI PERSECUTORI,2023,84
CREMONA,ATTI PERSECUTORI,2024,57
CREMONA,MALTRATTAMENTI CONTRO FAMILIARI E CONVIVENTI,2019,80
CREMONA,MALTRATTAMENTI CONTRO FAMILIARI E CONVIVENTI,2020,65
CREMONA,MALTRATTAMENTI CONTRO FAMILIARI E CONVIVENTI,2021,84
CREMONA,MALTRATTAMENTI CONTRO FAMILIARI E CONVIVENTI,2022,84
CREMONA,MALTRATTAMENTI CONTRO FAMILIARI E CONVIVENTI,2023,102
CREMONA,MALTRATTAMENTI CONTRO FAMILIARI E CONVIVENTI,2024,111
CROTONE,ATTI PERSECUTORI,2019,80
CROTONE,ATTI PERSECUTORI,2020,71
CROTONE,ATTI PERSECUTORI,2021,63
CROTONE,ATTI PERSECUTORI,2022,61
CROTONE,ATTI PERSECUTORI,2023,76
CROTONE,ATTI PERSECUTORI,2024,63
CROTONE,MALTRATTAMENTI CONTRO FAMILIARI E CONVIVENTI,2019,78
CROTONE,MALTRATTAMENTI CONTRO FAMILIARI E CONVIVENTI,2020,68
CROTONE,MALTRATTAMENTI CONTRO FAMILIARI E CONVIVENTI,2021,76
CROTONE,MALTRATTAMENTI CONTRO FAMILIARI E CONVIVENTI,2022,82
CROTONE,MALTRATTAMENTI CONTRO FAMILIARI E CONVIVENTI,2023,88
CROTONE,MALTRATTAMENTI CONTRO FAMILIARI E CONVIVENTI,2024,107
CUNEO,ATTI PERSECUTORI,2019,89
CUNEO,ATTI PERSECUTORI,2020,63
CUNEO,ATTI PERSECUTORI,2021,99
CUNEO,ATTI PERSECUTORI,2022,94
CUNEO,ATTI PERSECUTORI,2023,87
CUNEO,ATTI PERSECUTORI,2024,95
CUNEO,MALTRATTAMENTI CONTRO FAMILIARI E CONVIVENTI,2019,111
CUNEO,MALTRATTAMENTI CONTRO FAMILIARI E CONVIVENTI,2020,112
CUNEO,MALTRATTAMENTI CONTRO FAMILIARI E CONVIVENTI,2021,138
CUNEO,MALTRATTAMENTI CONTRO FAMILIARI E CONVIVENTI,2022,121
CUNEO,MALTRATTAMENTI CONTRO FAMILIARI E CONVIVENTI,2023,114
CUNEO,MALTRATTAMENTI CONTRO FAMILIARI E CONVIVENTI,2024,181
ENNA,ATTI PERSECUTORI,2019,66
ENNA,ATTI PERSECUTORI,2020,64
ENNA,ATTI PERSECUTORI,2021,59
ENNA,ATTI PERSECUTORI,2022,43
ENNA,ATTI PERSECUTORI,2023,70
ENNA,ATTI PERSECUTORI,2024,60
ENNA,MALTRATTAMENTI CONTRO FAMILIARI E CONVIVENTI,2019,81
ENNA,MALTRATTAMENTI CONTRO FAMILIARI E CONVIVENTI,2020,68
ENNA,MALTRATTAMENTI CONTRO FAMILIARI E CONVIVENTI,2021,59
ENNA,MALTRATTAMENTI CONTRO FAMILIARI E CONVIVENTI,2022,48
ENNA,MALTRATTAMENTI CONTRO FAMILIARI E CONVIVENTI,2023,53
ENNA,MALTRATTAMENTI CONTRO FAMILIARI E CONVIVENTI,2024,72
FERMO,ATTI PERSECUTORI,2019,32
FERMO,ATTI PERSECUTORI,2020,33
FERMO,ATTI PERSECUTORI,2021,38
FERMO,ATTI PERSECUTORI,2022,30
FERMO,ATTI PERSECUTORI,2023,53
FERMO,ATTI PERSECUTORI,2024,58
FERMO,MALTRATTAMENTI CONTRO FAMILIARI E CONVIVENTI,2019,45
FERMO,MALTRATTAMENTI CONTRO FAMILIARI E CONVIVENTI,2020,55
FERMO,MALTRATTAMENTI CONTRO FAMILIARI E CONVIVENTI,2021,37
FERMO,MALTRATTAMENTI CONTRO FAMILIARI E CONVIVENTI,2022,62
FERMO,MALTRATTAMENTI CONTRO FAMILIARI E CONVIVENTI,2023,82
FERMO,MALTRATTAMENTI CONTRO FAMILIARI E CONVIVENTI,2024,76
FERRARA,ATTI PERSECUTORI,2019,102
FERRARA,ATTI PERSECUTORI,2020,105
FERRARA,ATTI PERSECUTORI,2021,113
FERRARA,ATTI PERSECUTORI,2022,106
FERRARA,ATTI PERSECUTORI,2023,123
FERRARA,ATTI PERSECUTORI,2024,121
FERRARA,MALTRATTAMENTI CONTRO FAMILIARI E CONVIVENTI,2019,113
FERRARA,MALTRATTAMENTI CONTRO FAMILIARI E CONVIVENTI,2020,126
FERRARA,MALTRATTAMENTI CONTRO FAMILIARI E CONVIVENTI,2021,146
FERRARA,MALTRATTAMENTI CONTRO FAMILIARI E CONVIVENTI,2022,164
FERRARA,MALTRATTAMENTI CONTRO FAMILIARI E CONVIVENTI,2023,171
FERRARA,MALTRATTAMENTI CONTRO FAMILIARI E CONVIVENTI,2024,211
FIRENZE,ATTI PERSECUTORI,2019,188
FIRENZE,ATTI PERSECUTORI,2020,178
FIRENZE,ATTI PERSECUTORI,2021,187
FIRENZE,ATTI PERSECUTORI,2022,181
FIRENZE,ATTI PERSECUTORI,2023,227
FIRENZE,ATTI PERSECUTORI,2024,305
FIRENZE,MALTRATTAMENTI CONTRO FAMILIARI E CONVIVENTI,2019,319
FIRENZE,MALTRATTAMENTI CONTRO FAMILIARI E CONVIVENTI,2020,311
FIRENZE,MALTRATTAMENTI CONTRO FAMILIARI E CONVIVENTI,2021,293
FIRENZE,MALTRATTAMENTI CONTRO FAMILIARI E CONVIVENTI,2022,361
FIRENZE,MALTRATTAMENTI CONTRO FAMILIARI E CONVIVENTI,2023,337
FIRENZE,MALTRATTAMENTI CONTRO FAMILIARI E CONVIVENTI,2024,424
FOGGIA,ATTI PERSECUTORI,2019,273
FOGGIA,ATTI PERSECUTORI,2020,290
FOGGIA,ATTI PERSECUTORI,2021,411
FOGGIA,ATTI PERSECUTORI,2022,389
FOGGIA,ATTI PERSECUTORI,2023,412
FOGGIA,ATTI PERSECUTORI,2024,423
FOGGIA,MALTRATTAMENTI CONTRO FAMILIARI E CONVIVENTI,2019,230
FOGGIA,MALTRATTAMENTI CONTRO FAMILIARI E CONVIVENTI,2020,289
FOGGIA,MALTRATTAMENTI CONTRO FAMILIARI E CONVIVENTI,2021,385
FOGGIA,MALTRATTAMENTI CONTRO FAMILIARI E CONVIVENTI,2022,407
FOGGIA,MALTRATTAMENTI CONTRO FAMILIARI E CONVIVENTI,2023,383
FOGGIA,MALTRATTAMENTI CONTRO FAMILIARI E CONVIVENTI,2024,406
"FORLI' CESENA",ATTI PERSECUTORI,2019,71
"FORLI' CESENA",ATTI PERSECUTORI,2020,90
"FORLI' CESENA",ATTI PERSECUTORI,2021,108
"FORLI' CESENA",ATTI PERSECUTORI,2022,88
"FORLI' CESENA",ATTI PERSECUTORI,2023,93
"FORLI' CESENA",ATTI PERSECUTORI,2024,101
"FORLI' CESENA",MALTRATTAMENTI CONTRO FAMILIARI E CONVIVENTI,2019,118
"FORLI' CESENA",MALTRATTAMENTI CONTRO FAMILIARI E CONVIVENTI,2020,133
"FORLI' CESENA",MALTRATTAMENTI CONTRO FAMILIARI E CONVIVENTI,2021,139
"FORLI' CESENA",MALTRATTAMENTI CONTRO FAMILIARI E CONVIVENTI,2022,133
"FORLI' CESENA",MALTRATTAMENTI CONTRO FAMILIARI E CONVIVENTI,2023,139
"FORLI' CESENA",MALTRATTAMENTI CONTRO FAMILIARI E CONVIVENTI,2024,181
FROSINONE,ATTI PERSECUTORI,2019,187
FROSINONE,ATTI PERSECUTORI,2020,164
FROSINONE,ATTI PERSECUTORI,2021,137
FROSINONE,ATTI PERSECUTORI,2022,152
FROSINONE,ATTI PERSECUTORI,2023,176
FROSINONE,ATTI PERSECUTORI,2024,203
FROSINONE,MALTRATTAMENTI CONTRO FAMILIARI E CONVIVENTI,2019,159
FROSINONE,MALTRATTAMENTI CONTRO FAMILIARI E CONVIVENTI,2020,152
FROSINONE,MALTRATTAMENTI CONTRO FAMILIARI E CONVIVENTI,2021,181
FROSINONE,MALTRATTAMENTI CONTRO FAMILIARI E CONVIVENTI,2022,188
FROSINONE,MALTRATTAMENTI CONTRO FAMILIARI E CONVIVENTI,2023,207
FROSINONE,MALTRATTAMENTI CONTRO FAMILIARI E CONVIVENTI,2024,243
GENOVA,ATTI PERSECUTORI,2019,156
GENOVA,ATTI PERSECUTORI,2020,156
GENOVA,ATTI PERSECUTORI,2021,188
GENOVA,ATTI PERSECUTORI,2022,178
GENOVA,ATTI PERSECUTORI,2023,242
GENOVA,ATTI PERSECUTORI,2024,277
GENOVA,MALTRATTAMENTI CONTRO FAMILIARI E CONVIVENTI,2019,187
GENOVA,MALTRATTAMENTI CONTRO FAMILIARI E CONVIVENTI,2020,231
GENOVA,MALTRATTAMENTI CONTRO FAMILIARI E CONVIVENTI,2021,230
GENOVA,MALTRATTAMENTI CONTRO FAMILIARI E CONVIVENTI,2022,271
GENOVA,MALTRATTAMENTI CONTRO FAMILIARI E CONVIVENTI,2023,336
GENOVA,MALTRATTAMENTI CONTRO FAMILIARI E CONVIVENTI,2024,297
GORIZIA,ATTI PERSECUTORI,2019,27
GORIZIA,ATTI PERSECUTORI,2020,49
GORIZIA,ATTI PERSECUTORI,2021,54
GORIZIA,ATTI PERSECUTORI,2022,55
GORIZIA,ATTI PERSECUTORI,2023,51
GORIZIA,ATTI PERSECUTORI,2024,74
GORIZIA,MALTRATTAMENTI CONTRO FAMILIARI E CONVIVENTI,2019,47
GORIZIA,MALTRATTAMENTI CONTRO FAMILIARI E CONVIVENTI,2020,58
GORIZIA,MALTRATTAMENTI CONTRO FAMILIARI E CONVIVENTI,2021,80
GORIZIA,MALTRATTAMENTI CONTRO FAMILIARI E CONVIVENTI,2022,59
GORIZIA,MALTRATTAMENTI CONTRO FAMILIARI E CONVIVENTI,2023,90
GORIZIA,MALTRATTAMENTI CONTRO FAMILIARI E CONVIVENTI,2024,115
GROSSETO,ATTI PERSECUTORI,2019,67
GROSSETO,ATTI PERSECUTORI,2020,71
GROSSETO,ATTI PERSECUTORI,2021,62
GROSSETO,ATTI PERSECUTORI,2022,104
GROSSETO,ATTI PERSECUTORI,2023,77
GROSSETO,ATTI PERSECUTORI,2024,115
GROSSETO,MALTRATTAMENTI CONTRO FAMILIARI E CONVIVENTI,2019,91
GROSSETO,MALTRATTAMENTI CONTRO FAMILIARI E CONVIVENTI,2020,77
GROSSETO,MALTRATTAMENTI CONTRO FAMILIARI E CONVIVENTI,2021,117
GROSSETO,MALTRATTAMENTI CONTRO FAMILIARI E CONVIVENTI,2022,142
GROSSETO,MALTRATTAMENTI CONTRO FAMILIARI E CONVIVENTI,2023,100
GROSSETO,MALTRATTAMENTI CONTRO FAMILIARI E CONVIVENTI,2024,165
IMPERIA,ATTI PERSECUTORI,2019,76
IMPERIA,ATTI PERSECUTORI,2020,64
IMPERIA,ATTI PERSECUTORI,2021,68
IMPERIA,ATTI PERSECUTORI,2022,57
IMPERIA,ATTI PERSECUTORI,2023,46
IMPERIA,ATTI PERSECUTORI,2024,66
IMPERIA,MALTRATTAMENTI CONTRO FAMILIARI E CONVIVENTI,2019,64
IMPERIA,MALTRATTAMENTI CONTRO FAMILIARI E CONVIVENTI,2020,81
IMPERIA,MALTRATTAMENTI CONTRO FAMILIARI E CONVIVENTI,2021,81
IMPERIA,MALTRATTAMENTI CONTRO FAMILIARI E CONVIVENTI,2022,87
IMPERIA,MALTRATTAMENTI CONTRO FAMILIARI E CONVIVENTI,2023,77
IMPERIA,MALTRATTAMENTI CONTRO FAMILIARI E CONVIVENTI,2024,95
ISERNIA,ATTI PERSECUTORI,2019,24
ISERNIA,ATTI PERSECUTORI,2020,44
ISERNIA,ATTI PERSECUTORI,2021,35
ISERNIA,ATTI PERSECUTORI,2022,46
ISERNIA,ATTI PERSECUTORI,2023,35
ISERNIA,ATTI PERSECUTORI,2024,26
ISERNIA,MALTRATTAMENTI CONTRO FAMILIARI E CONVIVENTI,2019,26
ISERNIA,MALTRATTAMENTI CONTRO FAMILIARI E CONVIVENTI,2020,29
ISERNIA,MALTRATTAMENTI CONTRO FAMILIARI E CONVIVENTI,2021,22
ISERNIA,MALTRATTAMENTI CONTRO FAMILIARI E CONVIVENTI,2022,23
ISERNIA,MALTRATTAMENTI CONTRO FAMILIARI E CONVIVENTI,2023,28
ISERNIA,MALTRATTAMENTI CONTRO FAMILIARI E CONVIVENTI,2024,31
"L'AQUILA",ATTI PERSECUTORI,2019,62
"L'AQUILA",ATTI PERSECUTORI,2020,95
"L'AQUILA",ATTI PERSECUTORI,2021,84
"L'AQUILA",ATTI PERSECUTORI,2022,95
"L'AQUILA",ATTI PERSECUTORI,2023,119
"L'AQUILA",ATTI PERSECUTORI,2024,131
"L'AQUILA",MALTRATTAMENTI CONTRO FAMILIARI E CONVIVENTI,2019,92
"L'AQUILA",MALTRATTAMENTI CONTRO FAMILIARI E CONVIVENTI,2020,87
"L'AQUILA",MALTRATTAMENTI CONTRO FAMILIARI E CONVIVENTI,2021,119
"L'AQUILA",MALTRATTAMENTI CONTRO FAMILIARI E CONVIVENTI,2022,117
"L'AQUILA",MALTRATTAMENTI CONTRO FAMILIARI E CONVIVENTI,2023,117
"L'AQUILA",MALTRATTAMENTI CONTRO FAMILIARI E CONVIVENTI,2024,97
LA SPEZIA,ATTI PERSECUTORI,2019,43
LA SPEZIA,ATTI PERSECUTORI,2020,49
LA SPEZIA,ATTI PERSECUTORI,2021,55
LA SPEZIA,ATTI PERSECUTORI,2022,54
LA SPEZIA,ATTI PERSECUTORI,2023,61
LA SPEZIA,ATTI PERSECUTORI,2024,70
LA SPEZIA,MALTRATTAMENTI CONTRO FAMILIARI E CONVIVENTI,2019,34
LA SPEZIA,MALTRATTAMENTI CONTRO FAMILIARI E CONVIVENTI,2020,56
LA SPEZIA,MALTRATTAMENTI CONTRO FAMILIARI E CONVIVENTI,2021,61
LA SPEZIA,MALTRATTAMENTI CONTRO FAMILIARI E CONVIVENTI,2022,63
LA SPEZIA,MALTRATTAMENTI CONTRO FAMILIARI E CONVIVENTI,2023,122
LA SPEZIA,MALTRATTAMENTI CONTRO FAMILIARI E CONVIVENTI,2024,93
LATINA,ATTI PERSECUTORI,2019,270
LATINA,ATTI PERSECUTORI,2020,271
LATINA,ATTI PERSECUTORI,2021,327
LATINA,ATTI PERSECUTORI,2022,275
LATINA,ATTI PERSECUTORI,2023,333
LATINA,ATTI PERSECUTORI,2024,349
LATINA,MALTRATTAMENTI CONTRO FAMILIARI E CONVIVENTI,2019,346
LATINA,MALTRATTAMENTI CONTRO FAMILIARI E CONVIVENTI,2020,363
LATINA,MALTRATTAMENTI CONTRO FAMILIARI E CONVIVENTI,2021,366
LATINA,MALTRATTAMENTI CONTRO FAMILIARI E CONVIVENTI,2022,347
LATINA,MALTRATTAMENTI CONTRO FAMILIARI E CONVIVENTI,2023,360
LATINA,MALTRATTAMENTI CONTRO FAMILIARI E CONVIVENTI,2024,431
LECCE,ATTI PERSECUTORI,2019,295
LECCE,ATTI PERSECUTORI,2020,306
LECCE,ATTI PERSECUTORI,2021,342
LECCE,ATTI PERSECUTORI,2022,373
LECCE,ATTI PERSECUTORI,2023,316
LECCE,ATTI PERSECUTORI,2024,434
LECCE,MALTRATTAMENTI CONTRO FAMILIARI E CONVIVENTI,2019,262
LECCE,MALTRATTAMENTI CONTRO FAMILIARI E CONVIVENTI,2020,258
LECCE,MALTRATTAMENTI CONTRO FAMILIARI E CONVIVENTI,2021,286
LECCE,MALTRATTAMENTI CONTRO FAMILIARI E CONVIVENTI,2022,334
LECCE,MALTRATTAMENTI CONTRO FAMILIARI E CONVIVENTI,2023,339
LECCE,MALTRATTAMENTI CONTRO FAMILIARI E CONVIVENTI,2024,423
LECCO,ATTI PERSECUTORI,2019,48
LECCO,ATTI PERSECUTORI,2020,30
LECCO,ATTI PERSECUTORI,2021,61
LECCO,ATTI PERSECUTORI,2022,40
LECCO,ATTI PERSECUTORI,2023,71
LECCO,ATTI PERSECUTORI,2024,45
LECCO,MALTRATTAMENTI CONTRO FAMILIARI E CONVIVENTI,2019,94
LECCO,MALTRATTAMENTI CONTRO FAMILIARI E CONVIVENTI,2020,82
LECCO,MALTRATTAMENTI CONTRO FAMILIARI E CONVIVENTI,2021,107
LECCO,MALTRATTAMENTI CONTRO FAMILIARI E CONVIVENTI,2022,70
LECCO,MALTRATTAMENTI CONTRO FAMILIARI E CONVIVENTI,2023,61
LECCO,MALTRATTAMENTI CONTRO FAMILIARI E CONVIVENTI,2024,69
LIVORNO,ATTI PERSECUTORI,2019,89
LIVORNO,ATTI PERSECUTORI,2020,99
LIVORNO,ATTI PERSECUTORI,2021,134
LIVORNO,ATTI PERSECUTORI,2022,149
LIVORNO,ATTI PERSECUTORI,2023,123
LIVORNO,ATTI PERSECUTORI,2024,122
LIVORNO,MALTRATTAMENTI CONTRO FAMILIARI E CONVIVENTI,2019,136
LIVORNO,MALTRATTAMENTI CONTRO FAMILIARI E CONVIVENTI,2020,121
LIVORNO,MALTRATTAMENTI CONTRO FAMILIARI E CONVIVENTI,2021,169
LIVORNO,MALTRATTAMENTI CONTRO FAMILIARI E CONVIVENTI,2022,192
LIVORNO,MALTRATTAMENTI CONTRO FAMILIARI E CONVIVENTI,2023,180
LIVORNO,MALTRATTAMENTI CONTRO FAMILIARI E CONVIVENTI,2024,192
LODI,ATTI PERSECUTORI,2019,32
LODI,ATTI PERSECUTORI,2020,33
LODI,ATTI PERSECUTORI,2021,34
LODI,ATTI PERSECUTORI,2022,34
LODI,ATTI PERSECUTORI,2023,49
LODI,ATTI PERSECUTORI,2024,39
LODI,MALTRATTAMENTI CONTRO FAMILIARI E CONVIVENTI,2019,62
LODI,MALTRATTAMENTI CONTRO FAMILIARI E CONVIVENTI,2020,49
LODI,MALTRATTAMENTI CONTRO FAMILIARI E CONVIVENTI,2021,66
LODI,MALTRATTAMENTI CONTRO FAMILIARI E CONVIVENTI,2022,83
LODI,MALTRATTAMENTI CONTRO FAMILIARI E CONVIVENTI,2023,85
LODI,MALTRATTAMENTI CONTRO FAMILIARI E CONVIVENTI,2024,93
LUCCA,ATTI PERSECUTORI,2019,78
LUCCA,ATTI PERSECUTORI,2020,65
LUCCA,ATTI PERSECUTORI,2021,70
LUCCA,ATTI PERSECUTORI,2022,76
LUCCA,ATTI PERSECUTORI,2023,65
LUCCA,ATTI PERSECUTORI,2024,92
LUCCA,MALTRATTAMENTI CONTRO FAMILIARI E CONVIVENTI,2019,123
LUCCA,MALTRATTAMENTI CONTRO FAMILIARI E CONVIVENTI,2020,96
LUCCA,MALTRATTAMENTI CONTRO FAMILIARI E CONVIVENTI,2021,87
LUCCA,MALTRATTAMENTI CONTRO FAMILIARI E CONVIVENTI,2022,118
LUCCA,MALTRATTAMENTI CONTRO FAMILIARI E CONVIVENTI,2023,115
LUCCA,MALTRATTAMENTI CONTRO FAMILIARI E CONVIVENTI,2024,145
MACERATA,ATTI PERSECUTORI,2019,53
MACERATA,ATTI PERSECUTORI,2020,31
MACERATA,ATTI PERSECUTORI,2021,56
MACERATA,ATTI PERSECUTORI,2022,61
MACERATA,ATTI PERSECUTORI,2023,71
MACERATA,ATTI PERSECUTORI,2024,60
MACERATA,MALTRATTAMENTI CONTRO FAMILIARI E CONVIVENTI,2019,62
MACERATA,MALTRATTAMENTI CONTRO FAMILIARI E CONVIVENTI,2020,61
MACERATA,MALTRATTAMENTI CONTRO FAMILIARI E CONVIVENTI,2021,92
MACERATA,MALTRATTAMENTI CONTRO FAMILIARI E CONVIVENTI,2022,79
MACERATA,MALTRATTAMENTI CONTRO FAMILIARI E CONVIVENTI,2023,74
MACERATA,MALTRATTAMENTI CONTRO FAMILIARI E CONVIVENTI,2024,111
MANTOVA,ATTI PERSECUTORI,2019,81
MANTOVA,ATTI PERSECUTORI,2020,71
MANTOVA,ATTI PERSECUTORI,2021,94
MANTOVA,ATTI PERSECUTORI,2022,100
MANTOVA,ATTI PERSECUTORI,2023,79
MANTOVA,ATTI PERSECUTORI,2024,98
MANTOVA,MALTRATTAMENTI CONTRO FAMILIARI E CONVIVENTI,2019,128
MANTOVA,MALTRATTAMENTI CONTRO FAMILIARI E CONVIVENTI,2020,144
MANTOVA,MALTRATTAMENTI CONTRO FAMILIARI E CONVIVENTI,2021,154
MANTOVA,MALTRATTAMENTI CONTRO FAMILIARI E CONVIVENTI,2022,186
MANTOVA,MALTRATTAMENTI CONTRO FAMILIARI E CONVIVENTI,2023,187
MANTOVA,MALTRATTAMENTI CONTRO FAMILIARI E CONVIVENTI,2024,215
MASSA CARRARA,ATTI PERSECUTORI,2019,70
MASSA CARRARA,ATTI PERSECUTORI,2020,23
MASSA CARRARA,ATTI PERSECUTORI,2021,64
MASSA CARRARA,ATTI PERSECUTORI,2022,63
MASSA CARRARA,ATTI PERSECUTORI,2023,55
MASSA CARRARA,ATTI PERSECUTORI,2024,76
MASSA CARRARA,MALTRATTAMENTI CONTRO FAMILIARI E CONVIVENTI,2019,105
MASSA CARRARA,MALTRATTAMENTI CONTRO FAMILIARI E CONVIVENTI,2020,76
MASSA CARRARA,MALTRATTAMENTI CONTRO FAMILIARI E CONVIVENTI,2021,67
MASSA CARRARA,MALTRATTAMENTI CONTRO FAMILIARI E CONVIVENTI,2022,72
MASSA CARRARA,MALTRATTAMENTI CONTRO FAMILIARI E CONVIVENTI,2023,75
MASSA CARRARA,MALTRATTAMENTI CONTRO FAMILIARI E CONVIVENTI,2024,112
MATERA,ATTI PERSECUTORI,2019,72
MATERA,ATTI PERSECUTORI,2020,90
MATERA,ATTI PERSECUTORI,2021,98
MATERA,ATTI PERSECUTORI,2022,75
MATERA,ATTI PERSECUTORI,2023,107
MATERA,ATTI PERSECUTORI,2024,131
MATERA,MALTRATTAMENTI CONTRO FAMILIARI E CONVIVENTI,2019,69
MATERA,MALTRATTAMENTI CONTRO FAMILIARI E CONVIVENTI,2020,84
MATERA,MALTRATTAMENTI CONTRO FAMILIARI E CONVIVENTI,2021,75
MATERA,MALTRATTAMENTI CONTRO FAMILIARI E CONVIVENTI,2022,79
MATERA,MALTRATTAMENTI CONTRO FAMILIARI E CONVIVENTI,2023,88
MATERA,MALTRATTAMENTI CONTRO FAMILIARI E CONVIVENTI,2024,132
MESSINA,ATTI PERSECUTORI,2019,318
MESSINA,ATTI PERSECUTORI,2020,303
MESSINA,ATTI PERSECUTORI,2021,330
MESSINA,ATTI PERSECUTORI,2022,283
MESSINA,ATTI PERSECUTORI,2023,324
MESSINA,ATTI PERSECUTORI,2024,285
MESSINA,MALTRATTAMENTI CONTRO FAMILIARI E CONVIVENTI,2019,296
MESSINA,MALTRATTAMENTI CONTRO FAMILIARI E CONVIVENTI,2020,338
MESSINA,MALTRATTAMENTI CONTRO FAMILIARI E CONVIVENTI,2021,329
MESSINA,MALTRATTAMENTI CONTRO FAMILIARI E CONVIVENTI,2022,303
MESSINA,MALTRATTAMENTI CONTRO FAMILIARI E CONVIVENTI,2023,284
MESSINA,MALTRATTAMENTI CONTRO FAMILIARI E CONVIVENTI,2024,346
MILANO,ATTI PERSECUTORI,2019,797
MILANO,ATTI PERSECUTORI,2020,766
MILANO,ATTI PERSECUTORI,2021,912
MILANO,ATTI PERSECUTORI,2022,784
MILANO,ATTI PERSECUTORI,2023,874
MILANO,ATTI PERSECUTORI,2024,976
MILANO,MALTRATTAMENTI CONTRO FAMILIARI E CONVIVENTI,2019,1261
MILANO,MALTRATTAMENTI CONTRO FAMILIARI E CONVIVENTI,2020,1271
MILANO,MALTRATTAMENTI CONTRO FAMILIARI E CONVIVENTI,2021,1280
MILANO,MALTRATTAMENTI CONTRO FAMILIARI E CONVIVENTI,2022,1238
MILANO,MALTRATTAMENTI CONTRO FAMILIARI E CONVIVENTI,2023,1338
MILANO,MALTRATTAMENTI CONTRO FAMILIARI E CONVIVENTI,2024,1529
MODENA,ATTI PERSECUTORI,2019,144
MODENA,ATTI PERSECUTORI,2020,117
MODENA,ATTI PERSECUTORI,2021,128
MODENA,ATTI PERSECUTORI,2022,199
MODENA,ATTI PERSECUTORI,2023,187
MODENA,ATTI PERSECUTORI,2024,189
MODENA,MALTRATTAMENTI CONTRO FAMILIARI E CONVIVENTI,2019,164
MODENA,MALTRATTAMENTI CONTRO FAMILIARI E CONVIVENTI,2020,195
MODENA,MALTRATTAMENTI CONTRO FAMILIARI E CONVIVENTI,2021,199
MODENA,MALTRATTAMENTI CONTRO FAMILIARI E CONVIVENTI,2022,336
MODENA,MALTRATTAMENTI CONTRO FAMILIARI E CONVIVENTI,2023,289
MODENA,MALTRATTAMENTI CONTRO FAMILIARI E CONVIVENTI,2024,346
MONZA E DELLA BRIANZA,ATTI PERSECUTORI,2019,131
MONZA E DELLA BRIANZA,ATTI PERSECUTORI,2020,106
MONZA E DELLA BRIANZA,ATTI PERSECUTORI,2021,138
MONZA E DELLA BRIANZA,ATTI PERSECUTORI,2022,136
MONZA E DELLA BRIANZA,ATTI PERSECUTORI,2023,122
MONZA E DELLA BRIANZA,ATTI PERSECUTORI,2024,144
MONZA E DELLA BRIANZA,MALTRATTAMENTI CONTRO FAMILIARI E CONVIVENTI,2019,200
MONZA E DELLA BRIANZA,MALTRATTAMENTI CONTRO FAMILIARI E CONVIVENTI,2020,214
MONZA E DELLA BRIANZA,MALTRATTAMENTI CONTRO FAMILIARI E CONVIVENTI,2021,240
MONZA E DELLA BRIANZA,MALTRATTAMENTI CONTRO FAMILIARI E CONVIVENTI,2022,235
MONZA E DELLA BRIANZA,MALTRATTAMENTI CONTRO FAMILIARI E CONVIVENTI,2023,243
MONZA E DELLA BRIANZA,MALTRATTAMENTI CONTRO FAMILIARI E CONVIVENTI,2024,324
NAPOLI,ATTI PERSECUTORI,2019,1203
NAPOLI,ATTI PERSECUTORI,2020,1206
NAPOLI,ATTI PERSECUTORI,2021,1312
NAPOLI,ATTI PERSECUTORI,2022,1568
NAPOLI,ATTI PERSECUTORI,2023,1728
NAPOLI,ATTI PERSECUTORI,2024,1768
NAPOLI,MALTRATTAMENTI CONTRO FAMILIARI E CONVIVENTI,2019,1447
NAPOLI,MALTRATTAMENTI CONTRO FAMILIARI E CONVIVENTI,2020,1546
NAPOLI,MALTRATTAMENTI CONTRO FAMILIARI E CONVIVENTI,2021,1724
NAPOLI,MALTRATTAMENTI CONTRO FAMILIARI E CONVIVENTI,2022,2065
NAPOLI,MALTRATTAMENTI CONTRO FAMILIARI E CONVIVENTI,2023,2060
NAPOLI,MALTRATTAMENTI CONTRO FAMILIARI E CONVIVENTI,2024,2172
NOVARA,ATTI PERSECUTORI,2019,90
NOVARA,ATTI PERSECUTORI,2020,90
NOVARA,ATTI PERSECUTORI,2021,107
NOVARA,ATTI PERSECUTORI,2022,96
NOVARA,ATTI PERSECUTORI,2023,97
NOVARA,ATTI PERSECUTORI,2024,134
NOVARA,MALTRATTAMENTI CONTRO FAMILIARI E CONVIVENTI,2019,134
NOVARA,MALTRATTAMENTI CONTRO FAMILIARI E CONVIVENTI,2020,128
NOVARA,MALTRATTAMENTI CONTRO FAMILIARI E CONVIVENTI,2021,150
NOVARA,MALTRATTAMENTI CONTRO FAMILIARI E CONVIVENTI,2022,175
NOVARA,MALTRATTAMENTI CONTRO FAMILIARI E CONVIVENTI,2023,160
NOVARA,MALTRATTAMENTI CONTRO FAMILIARI E CONVIVENTI,2024,178
NUORO,ATTI PERSECUTORI,2019,81
NUORO,ATTI PERSECUTORI,2020,67
NUORO,ATTI PERSECUTORI,2021,74
NUORO,ATTI PERSECUTORI,2022,62
NUORO,ATTI PERSECUTORI,2023,74
NUORO,ATTI PERSECUTORI,2024,93
NUORO,MALTRATTAMENTI CONTRO FAMILIARI E CONVIVENTI,2019,90
NUORO,MALTRATTAMENTI CONTRO FAMILIARI E CONVIVENTI,2020,76
NUORO,MALTRATTAMENTI CONTRO FAMILIARI E CONVIVENTI,2021,75
NUORO,MALTRATTAMENTI CONTRO FAMILIARI E CONVIVENTI,2022,76
NUORO,MALTRATTAMENTI CONTRO FAMILIARI E CONVIVENTI,2023,70
NUORO,MALTRATTAMENTI CONTRO FAMILIARI E CONVIVENTI,2024,84
ORISTANO,ATTI PERSECUTORI,2019,20
ORISTANO,ATTI PERSECUTORI,2020,23
ORISTANO,ATTI PERSECUTORI,2021,25
ORISTANO,ATTI PERSECUTORI,2022,34
ORISTANO,ATTI PERSECUTORI,2023,29
ORISTANO,ATTI PERSECUTORI,2024,48
ORISTANO,MALTRATTAMENTI CONTRO FAMILIARI E CONVIVENTI,2019,44
ORISTANO,MALTRATTAMENTI CONTRO FAMILIARI E CONVIVENTI,2020,42
ORISTANO,MALTRATTAMENTI CONTRO FAMILIARI E CONVIVENTI,2021,32
ORISTANO,MALTRATTAMENTI CONTRO FAMILIARI E CONVIVENTI,2022,39
ORISTANO,MALTRATTAMENTI CONTRO FAMILIARI E CONVIVENTI,2023,52
ORISTANO,MALTRATTAMENTI CONTRO FAMILIARI E CONVIVENTI,2024,53
PADOVA,ATTI PERSECUTORI,2019,200
PADOVA,ATTI PERSECUTORI,2020,218
PADOVA,ATTI PERSECUTORI,2021,260
PADOVA,ATTI PERSECUTORI,2022,230
PADOVA,ATTI PERSECUTORI,2023,242
PADOVA,ATTI PERSECUTORI,2024,241
PADOVA,MALTRATTAMENTI CONTRO FAMILIARI E CONVIVENTI,2019,247
PADOVA,MALTRATTAMENTI CONTRO FAMILIARI E CONVIVENTI,2020,263
PADOVA,MALTRATTAMENTI CONTRO FAMILIARI E CONVIVENTI,2021,316
PADOVA,MALTRATTAMENTI CONTRO FAMILIARI E CONVIVENTI,2022,266
PADOVA,MALTRATTAMENTI CONTRO FAMILIARI E CONVIVENTI,2023,293
PADOVA,MALTRATTAMENTI CONTRO FAMILIARI E CONVIVENTI,2024,417
PALERMO,ATTI PERSECUTORI,2019,441
PALERMO,ATTI PERSECUTORI,2020,493
PALERMO,ATTI PERSECUTORI,2021,549
PALERMO,ATTI PERSECUTORI,2022,520
PALERMO,ATTI PERSECUTORI,2023,534
PALERMO,ATTI PERSECUTORI,2024,502
PALERMO,MALTRATTAMENTI CONTRO FAMILIARI E CONVIVENTI,2019,619
PALERMO,MALTRATTAMENTI CONTRO FAMILIARI E CONVIVENTI,2020,712
PALERMO,MALTRATTAMENTI CONTRO FAMILIARI E CONVIVENTI,2021,751
PALERMO,MALTRATTAMENTI CONTRO FAMILIARI E CONVIVENTI,2022,786
PALERMO,MALTRATTAMENTI CONTRO FAMILIARI E CONVIVENTI,2023,706
PALERMO,MALTRATTAMENTI CONTRO FAMILIARI E CONVIVENTI,2024,709
PARMA,ATTI PERSECUTORI,2019,135
PARMA,ATTI PERSECUTORI,2020,144
PARMA,ATTI PERSECUTORI,2021,109
PARMA,ATTI PERSECUTORI,2022,108
PARMA,ATTI PERSECUTORI,2023,104
PARMA,ATTI PERSECUTORI,2024,114
PARMA,MALTRATTAMENTI CONTRO FAMILIARI E CONVIVENTI,2019,185
PARMA,MALTRATTAMENTI CONTRO FAMILIARI E CONVIVENTI,2020,207
PARMA,MALTRATTAMENTI CONTRO FAMILIARI E CONVIVENTI,2021,213
PARMA,MALTRATTAMENTI CONTRO FAMILIARI E CONVIVENTI,2022,218
PARMA,MALTRATTAMENTI CONTRO FAMILIARI E CONVIVENTI,2023,218
PARMA,MALTRATTAMENTI CONTRO FAMILIARI E CONVIVENTI,2024,260
PAVIA,ATTI PERSECUTORI,2019,92
PAVIA,ATTI PERSECUTORI,2020,72
PAVIA,ATTI PERSECUTORI,2021,99
PAVIA,ATTI PERSECUTORI,2022,134
PAVIA,ATTI PERSECUTORI,2023,126
PAVIA,ATTI PERSECUTORI,2024,119
PAVIA,MALTRATTAMENTI CONTRO FAMILIARI E CONVIVENTI,2019,165
PAVIA,MALTRATTAMENTI CONTRO FAMILIARI E CONVIVENTI,2020,192
PAVIA,MALTRATTAMENTI CONTRO FAMILIARI E CONVIVENTI,2021,169
PAVIA,MALTRATTAMENTI CONTRO FAMILIARI E CONVIVENTI,2022,152
PAVIA,MALTRATTAMENTI CONTRO FAMILIARI E CONVIVENTI,2023,170
PAVIA,MALTRATTAMENTI CONTRO FAMILIARI E CONVIVENTI,2024,213
PERUGIA,ATTI PERSECUTORI,2019,189
PERUGIA,ATTI PERSECUTORI,2020,231
PERUGIA,ATTI PERSECUTORI,2021,250
PERUGIA,ATTI PERSECUTORI,2022,207
PERUGIA,ATTI PERSECUTORI,2023,234
PERUGIA,ATTI PERSECUTORI,2024,215
PERUGIA,MALTRATTAMENTI CONTRO FAMILIARI E CONVIVENTI,2019,261
PERUGIA,MALTRATTAMENTI CONTRO FAMILIARI E CONVIVENTI,2020,242
PERUGIA,MALTRATTAMENTI CONTRO FAMILIARI E CONVIVENTI,2021,241
PERUGIA,MALTRATTAMENTI CONTRO FAMILIARI E CONVIVENTI,2022,263
PERUGIA,MALTRATTAMENTI CONTRO FAMILIARI E CONVIVENTI,2023,268
PERUGIA,MALTRATTAMENTI CONTRO FAMILIARI E CONVIVENTI,2024,323
PESARO E URBINO,ATTI PERSECUTORI,2019,63
PESARO E URBINO,ATTI PERSECUTORI,2020,58
PESARO E URBINO,ATTI PERSECUTORI,2021,73
PESARO E URBINO,ATTI PERSECUTORI,2022,80
PESARO E URBINO,ATTI PERSECUTORI,2023,72
PESARO E URBINO,ATTI PERSECUTORI,2024,76
PESARO E URBINO,MALTRATTAMENTI CONTRO FAMILIARI E CONVIVENTI,2019,111
PESARO E URBINO,MALTRATTAMENTI CONTRO FAMILIARI E CONVIVENTI,2020,89
PESARO E URBINO,MALTRATTAMENTI CONTRO FAMILIARI E CONVIVENTI,2021,118
PESARO E URBINO,MALTRATTAMENTI CONTRO FAMILIARI E CONVIVENTI,2022,119
PESARO E URBINO,MALTRATTAMENTI CONTRO FAMILIARI E CONVIVENTI,2023,123
PESARO E URBINO,MALTRATTAMENTI CONTRO FAMILIARI E CONVIVENTI,2024,160
PESCARA,ATTI PERSECUTORI,2019,98
PESCARA,ATTI PERSECUTORI,2020,76
PESCARA,ATTI PERSECUTORI,2021,109
PESCARA,ATTI PERSECUTORI,2022,102
PESCARA,ATTI PERSECUTORI,2023,105
PESCARA,ATTI PERSECUTORI,2024,110
PESCARA,MALTRATTAMENTI CONTRO FAMILIARI E CONVIVENTI,2019,149
PESCARA,MALTRATTAMENTI CONTRO FAMILIARI E CONVIVENTI,2020,123
PESCARA,MALTRATTAMENTI CONTRO FAMILIARI E CONVIVENTI,2021,143
PESCARA,MALTRATTAMENTI CONTRO FAMILIARI E CONVIVENTI,2022,146
PESCARA,MALTRATTAMENTI CONTRO FAMILIARI E CONVIVENTI,2023,118
PESCARA,MALTRATTAMENTI CONTRO FAMILIARI E CONVIVENTI,2024,152
PIACENZA,ATTI PERSECUTORI,2019,54
PIACENZA,ATTI PERSECUTORI,2020,82
PIACENZA,ATTI PERSECUTORI,2021,98
PIACENZA,ATTI PERSECUTORI,2022,85
PIACENZA,ATTI PERSECUTORI,2023,68
PIACENZA,ATTI PERSECUTORI,2024,77
PIACENZA,MALTRATTAMENTI CONTRO FAMILIARI E CONVIVENTI,2019,109
PIACENZA,MALTRATTAMENTI CONTRO FAMILIARI E CONVIVENTI,2020,142
PIACENZA,MALTRATTAMENTI CONTRO FAMILIARI E CONVIVENTI,2021,180
PIACENZA,MALTRATTAMENTI CONTRO FAMILIARI E CONVIVENTI,2022,159
PIACENZA,MALTRATTAMENTI CONTRO FAMILIARI E CONVIVENTI,2023,169
PIACENZA,MALTRATTAMENTI CONTRO FAMILIARI E CONVIVENTI,2024,158
PISA,ATTI PERSECUTORI,2019,77
PISA,ATTI PERSECUTORI,2020,79
PISA,ATTI PERSECUTORI,2021,113
PISA,ATTI PERSECUTORI,2022,105
PISA,ATTI PERSECUTORI,2023,120
PISA,ATTI PERSECUTORI,2024,103
PISA,MALTRATTAMENTI CONTRO FAMILIARI E CONVIVENTI,2019,105
PISA,MALTRATTAMENTI CONTRO FAMILIARI E CONVIVENTI,2020,111
PISA,MALTRATTAMENTI CONTRO FAMILIARI E CONVIVENTI,2021,156
PISA,MALTRATTAMENTI CONTRO FAMILIARI E CONVIVENTI,2022,122
PISA,MALTRATTAMENTI CONTRO FAMILIARI E CONVIVENTI,2023,139
PISA,MALTRATTAMENTI CONTRO FAMILIARI E CONVIVENTI,2024,140
PISTOIA,ATTI PERSECUTORI,2019,99
PISTOIA,ATTI PERSECUTORI,2020,98
PISTOIA,ATTI PERSECUTORI,2021,100
PISTOIA,ATTI PERSECUTORI,2022,96
PISTOIA,ATTI PERSECUTORI,2023,90
PISTOIA,ATTI PERSECUTORI,2024,109
PISTOIA,MALTRATTAMENTI CONTRO FAMILIARI E CONVIVENTI,2019,94
PISTOIA,MALTRATTAMENTI CONTRO FAMILIARI E CONVIVENTI,2020,108
PISTOIA,MALTRATTAMENTI CONTRO FAMILIARI E CONVIVENTI,2021,140
PISTOIA,MALTRATTAMENTI CONTRO FAMILIARI E CONVIVENTI,2022,109
PISTOIA,MALTRATTAMENTI CONTRO FAMILIARI E CONVIVENTI,2023,134
PISTOIA,MALTRATTAMENTI CONTRO FAMILIARI E CONVIVENTI,2024,137
PORDENONE,ATTI PERSECUTORI,2019,53
PORDENONE,ATTI PERSECUTORI,2020,48
PORDENONE,ATTI PERSECUTORI,2021,62
PORDENONE,ATTI PERSECUTORI,2022,63
PORDENONE,ATTI PERSECUTORI,2023,71
PORDENONE,ATTI PERSECUTORI,2024,48
PORDENONE,MALTRATTAMENTI CONTRO FAMILIARI E CONVIVENTI,2019,56
PORDENONE,MALTRATTAMENTI CONTRO FAMILIARI E CONVIVENTI,2020,35
PORDENONE,MALTRATTAMENTI CONTRO FAMILIARI E CONVIVENTI,2021,62
PORDENONE,MALTRATTAMENTI CONTRO FAMILIARI E CONVIVENTI,2022,73
PORDENONE,MALTRATTAMENTI CONTRO FAMILIARI E CONVIVENTI,2023,48
PORDENONE,MALTRATTAMENTI CONTRO FAMILIARI E CONVIVENTI,2024,56
POTENZA,ATTI PERSECUTORI,2019,115
POTENZA,ATTI PERSECUTORI,2020,99
POTENZA,ATTI PERSECUTORI,2021,110
POTENZA,ATTI PERSECUTORI,2022,82
POTENZA,ATTI PERSECUTORI,2023,94
POTENZA,ATTI PERSECUTORI,2024,112
POTENZA,MALTRATTAMENTI CONTRO FAMILIARI E CONVIVENTI,2019,103
POTENZA,MALTRATTAMENTI CONTRO FAMILIARI E CONVIVENTI,2020,136
POTENZA,MALTRATTAMENTI CONTRO FAMILIARI E CONVIVENTI,2021,115
POTENZA,MALTRATTAMENTI CONTRO FAMILIARI E CONVIVENTI,2022,112
POTENZA,MALTRATTAMENTI CONTRO FAMILIARI E CONVIVENTI,2023,111
POTENZA,MALTRATTAMENTI CONTRO FAMILIARI E CONVIVENTI,2024,171
PRATO,ATTI PERSECUTORI,2019,46
PRATO,ATTI PERSECUTORI,2020,75
PRATO,ATTI PERSECUTORI,2021,57
PRATO,ATTI PERSECUTORI,2022,61
PRATO,ATTI PERSECUTORI,2023,55
PRATO,ATTI PERSECUTORI,2024,53
PRATO,MALTRATTAMENTI CONTRO FAMILIARI E CONVIVENTI,2019,89
PRATO,MALTRATTAMENTI CONTRO FAMILIARI E CONVIVENTI,2020,72
PRATO,MALTRATTAMENTI CONTRO FAMILIARI E CONVIVENTI,2021,69
PRATO,MALTRATTAMENTI CONTRO FAMILIARI E CONVIVENTI,2022,85
PRATO,MALTRATTAMENTI CONTRO FAMILIARI E CONVIVENTI,2023,82
PRATO,MALTRATTAMENTI CONTRO FAMILIARI E CONVIVENTI,2024,102
RAGUSA,ATTI PERSECUTORI,2019,103
RAGUSA,ATTI PERSECUTORI,2020,140
RAGUSA,ATTI PERSECUTORI,2021,142
RAGUSA,ATTI PERSECUTORI,2022,133
RAGUSA,ATTI PERSECUTORI,2023,133
RAGUSA,ATTI PERSECUTORI,2024,118
RAGUSA,MALTRATTAMENTI CONTRO FAMILIARI E CONVIVENTI,2019,97
RAGUSA,MALTRATTAMENTI CONTRO FAMILIARI E CONVIVENTI,2020,119
RAGUSA,MALTRATTAMENTI CONTRO FAMILIARI E CONVIVENTI,2021,123
RAGUSA,MALTRATTAMENTI CONTRO FAMILIARI E CONVIVENTI,2022,109
RAGUSA,MALTRATTAMENTI CONTRO FAMILIARI E CONVIVENTI,2023,120
RAGUSA,MALTRATTAMENTI CONTRO FAMILIARI E CONVIVENTI,2024,143
RAVENNA,ATTI PERSECUTORI,2019,86
RAVENNA,ATTI PERSECUTORI,2020,93
RAVENNA,ATTI PERSECUTORI,2021,85
RAVENNA,ATTI PERSECUTORI,2022,106
RAVENNA,ATTI PERSECUTORI,2023,100
RAVENNA,ATTI PERSECUTORI,2024,124
RAVENNA,MALTRATTAMENTI CONTRO FAMILIARI E CONVIVENTI,2019,126
RAVENNA,MALTRATTAMENTI CONTRO FAMILIARI E CONVIVENTI,2020,151
RAVENNA,MALTRATTAMENTI CONTRO FAMILIARI E CONVIVENTI,2021,197
RAVENNA,MALTRATTAMENTI CONTRO FAMILIARI E CONVIVENTI,2022,155
RAVENNA,MALTRATTAMENTI CONTRO FAMILIARI E CONVIVENTI,2023,170
RAVENNA,MALTRATTAMENTI CONTRO FAMILIARI E CONVIVENTI,2024,237
REGGIO CALABRIA,ATTI PERSECUTORI,2019,187
REGGIO CALABRIA,ATTI PERSECUTORI,2020,253
REGGIO CALABRIA,ATTI PERSECUTORI,2021,221
REGGIO CALABRIA,ATTI PERSECUTORI,2022,213
REGGIO CALABRIA,ATTI PERSECUTORI,2023,221
REGGIO CALABRIA,ATTI PERSECUTORI,2024,194
REGGIO CALABRIA,MALTRATTAMENTI CONTRO FAMILIARI E CONVIVENTI,2019,162
REGGIO CALABRIA,MALTRATTAMENTI CONTRO FAMILIARI E CONVIVENTI,2020,172
REGGIO CALABRIA,MALTRATTAMENTI CONTRO FAMILIARI E CONVIVENTI,2021,191
REGGIO CALABRIA,MALTRATTAMENTI CONTRO FAMILIARI E CONVIVENTI,2022,211
REGGIO CALABRIA,MALTRATTAMENTI CONTRO FAMILIARI E CONVIVENTI,2023,203
REGGIO CALABRIA,MALTRATTAMENTI CONTRO FAMILIARI E CONVIVENTI,2024,219
REGGIO EMILIA,ATTI PERSECUTORI,2019,96
REGGIO EMILIA,ATTI PERSECUTORI,2020,79
REGGIO EMILIA,ATTI PERSECUTORI,2021,108
REGGIO EMILIA,ATTI PERSECUTORI,2022,104
REGGIO EMILIA,ATTI PERSECUTORI,2023,114
REGGIO EMILIA,ATTI PERSECUTORI,2024,116
REGGIO EMILIA,MALTRATTAMENTI CONTRO FAMILIARI E CONVIVENTI,2019,113
REGGIO EMILIA,MALTRATTAMENTI CONTRO FAMILIARI E CONVIVENTI,2020,123
REGGIO EMILIA,MALTRATTAMENTI CONTRO FAMILIARI E CONVIVENTI,2021,149
REGGIO EMILIA,MALTRATTAMENTI CONTRO FAMILIARI E CONVIVENTI,2022,167
REGGIO EMILIA,MALTRATTAMENTI CONTRO FAMILIARI E CONVIVENTI,2023,152
REGGIO EMILIA,MALTRATTAMENTI CONTRO FAMILIARI E CONVIVENTI,2024,194
RIETI,ATTI PERSECUTORI,2019,29
RIETI,ATTI PERSECUTORI,2020,39
RIETI,ATTI PERSECUTORI,2021,68
RIETI,ATTI PERSECUTORI,2022,39
RIETI,ATTI PERSECUTORI,2023,46
RIETI,ATTI PERSECUTORI,2024,44
RIETI,MALTRATTAMENTI CONTRO FAMILIARI E CONVIVENTI,2019,39
RIETI,MALTRATTAMENTI CONTRO FAMILIARI E CONVIVENTI,2020,39
RIETI,MALTRATTAMENTI CONTRO FAMILIARI E CONVIVENTI,2021,61
RIETI,MALTRATTAMENTI CONTRO FAMILIARI E CONVIVENTI,2022,66
RIETI,MALTRATTAMENTI CONTRO FAMILIARI E CONVIVENTI,2023,68
RIETI,MALTRATTAMENTI CONTRO FAMILIARI E CONVIVENTI,2024,71
RIMINI,ATTI PERSECUTORI,2019,75
RIMINI,ATTI PERSECUTORI,2020,66
RIMINI,ATTI PERSECUTORI,2021,86
RIMINI,ATTI PERSECUTORI,2022,100
RIMINI,ATTI PERSECUTORI,2023,79
RIMINI,ATTI PERSECUTORI,2024,89
RIMINI,MALTRATTAMENTI CONTRO FAMILIARI E CONVIVENTI,2019,154
RIMINI,MALTRATTAMENTI CONTRO FAMILIARI E CONVIVENTI,2020,159
RIMINI,MALTRATTAMENTI CONTRO FAMILIARI E CONVIVENTI,2021,163
RIMINI,MALTRATTAMENTI CONTRO FAMILIARI E CONVIVENTI,2022,156
RIMINI,MALTRATTAMENTI CONTRO FAMILIARI E CONVIVENTI,2023,137
RIMINI,MALTRATTAMENTI CONTRO FAMILIARI E CONVIVENTI,2024,141
ROMA,ATTI PERSECUTORI,2019,1133
ROMA,ATTI PERSECUTORI,2020,1272
ROMA,ATTI PERSECUTORI,2021,1499
ROMA,ATTI PERSECUTORI,2022,1464
ROMA,ATTI PERSECUTORI,2023,1558
ROMA,ATTI PERSECUTORI,2024,1777
ROMA,MALTRATTAMENTI CONTRO FAMILIARI E CONVIVENTI,2019,1565
ROMA,MALTRATTAMENTI CONTRO FAMILIARI E CONVIVENTI,2020,1726
ROMA,MALTRATTAMENTI CONTRO FAMILIARI E CONVIVENTI,2021,1852
ROMA,MALTRATTAMENTI CONTRO FAMILIARI E CONVIVENTI,2022,1838
ROMA,MALTRATTAMENTI CONTRO FAMILIARI E CONVIVENTI,2023,1912
ROMA,MALTRATTAMENTI CONTRO FAMILIARI E CONVIVENTI,2024,2277
ROVIGO,ATTI PERSECUTORI,2019,46
ROVIGO,ATTI PERSECUTORI,2020,37
ROVIGO,ATTI PERSECUTORI,2021,44
ROVIGO,ATTI PERSECUTORI,2022,55
ROVIGO,ATTI PERSECUTORI,2023,55
ROVIGO,ATTI PERSECUTORI,2024,71
ROVIGO,MALTRATTAMENTI CONTRO FAMILIARI E CONVIVENTI,2019,52
ROVIGO,MALTRATTAMENTI CONTRO FAMILIARI E CONVIVENTI,2020,70
ROVIGO,MALTRATTAMENTI CONTRO FAMILIARI E CONVIVENTI,2021,77
ROVIGO,MALTRATTAMENTI CONTRO FAMILIARI E CONVIVENTI,2022,80
ROVIGO,MALTRATTAMENTI CONTRO FAMILIARI E CONVIVENTI,2023,115
ROVIGO,MALTRATTAMENTI CONTRO FAMILIARI E CONVIVENTI,2024,92
SALERNO,ATTI PERSECUTORI,2019,423
SALERNO,ATTI PERSECUTORI,2020,461
SALERNO,ATTI PERSECUTORI,2021,493
SALERNO,ATTI PERSECUTORI,2022,485
SALERNO,ATTI PERSECUTORI,2023,443
SALERNO,ATTI PERSECUTORI,2024,485
SALERNO,MALTRATTAMENTI CONTRO FAMILIARI E CONVIVENTI,2019,537
SALERNO,MALTRATTAMENTI CONTRO FAMILIARI E CONVIVENTI,2020,513
SALERNO,MALTRATTAMENTI CONTRO FAMILIARI E CONVIVENTI,2021,524
SALERNO,MALTRATTAMENTI CONTRO FAMILIARI E CONVIVENTI,2022,597
SALERNO,MALTRATTAMENTI CONTRO FAMILIARI E CONVIVENTI,2023,518
SALERNO,MALTRATTAMENTI CONTRO FAMILIARI E CONVIVENTI,2024,668
SASSARI,ATTI PERSECUTORI,2019,145
SASSARI,ATTI PERSECUTORI,2020,173
SASSARI,ATTI PERSECUTORI,2021,171
SASSARI,ATTI PERSECUTORI,2022,164
SASSARI,ATTI PERSECUTORI,2023,126
SASSARI,ATTI PERSECUTORI,2024,148
SASSARI,MALTRATTAMENTI CONTRO FAMILIARI E CONVIVENTI,2019,167
SASSARI,MALTRATTAMENTI CONTRO FAMILIARI E CONVIVENTI,2020,217
SASSARI,MALTRATTAMENTI CONTRO FAMILIARI E CONVIVENTI,2021,191
SASSARI,MALTRATTAMENTI CONTRO FAMILIARI E CONVIVENTI,2022,173
SASSARI,MALTRATTAMENTI CONTRO FAMILIARI E CONVIVENTI,2023,171
SASSARI,MALTRATTAMENTI CONTRO FAMILIARI E CONVIVENTI,2024,169
SAVONA,ATTI PERSECUTORI,2019,88
SAVONA,ATTI PERSECUTORI,2020,66
SAVONA,ATTI PERSECUTORI,2021,64
SAVONA,ATTI PERSECUTORI,2022,91
SAVONA,ATTI PERSECUTORI,2023,78
SAVONA,ATTI PERSECUTORI,2024,72
SAVONA,MALTRATTAMENTI CONTRO FAMILIARI E CONVIVENTI,2019,84
SAVONA,MALTRATTAMENTI CONTRO FAMILIARI E CONVIVENTI,2020,90
SAVONA,MALTRATTAMENTI CONTRO FAMILIARI E CONVIVENTI,2021,74
SAVONA,MALTRATTAMENTI CONTRO FAMILIARI E CONVIVENTI,2022,75
SAVONA,MALTRATTAMENTI CONTRO FAMILIARI E CONVIVENTI,2023,111
SAVONA,MALTRATTAMENTI CONTRO FAMILIARI E CONVIVENTI,2024,105
SIENA,ATTI PERSECUTORI,2019,31
SIENA,ATTI PERSECUTORI,2020,49
SIENA,ATTI PERSECUTORI,2021,46
SIENA,ATTI PERSECUTORI,2022,45
SIENA,ATTI PERSECUTORI,2023,51
SIENA,ATTI PERSECUTORI,2024,55
SIENA,MALTRATTAMENTI CONTRO FAMILIARI E CONVIVENTI,2019,88
SIENA,MALTRATTAMENTI CONTRO FAMILIARI E CONVIVENTI,2020,65
SIENA,MALTRATTAMENTI CONTRO FAMILIARI E CONVIVENTI,2021,64
SIENA,MALTRATTAMENTI CONTRO FAMILIARI E CONVIVENTI,2022,82
SIENA,MALTRATTAMENTI CONTRO FAMILIARI E CONVIVENTI,2023,104
SIENA,MALTRATTAMENTI CONTRO FAMILIARI E CONVIVENTI,2024,87
SIRACUSA,ATTI PERSECUTORI,2019,197
SIRACUSA,ATTI PERSECUTORI,2020,252
SIRACUSA,ATTI PERSECUTORI,2021,251
SIRACUSA,ATTI PERSECUTORI,2022,256
SIRACUSA,ATTI PERSECUTORI,2023,230
SIRACUSA,ATTI PERSECUTORI,2024,219
SIRACUSA,MALTRATTAMENTI CONTRO FAMILIARI E CONVIVENTI,2019,250
SIRACUSA,MALTRATTAMENTI CONTRO FAMILIARI E CONVIVENTI,2020,224
SIRACUSA,MALTRATTAMENTI CONTRO FAMILIARI E CONVIVENTI,2021,228
SIRACUSA,MALTRATTAMENTI CONTRO FAMILIARI E CONVIVENTI,2022,230
SIRACUSA,MALTRATTAMENTI CONTRO FAMILIARI E CONVIVENTI,2023,279
SIRACUSA,MALTRATTAMENTI CONTRO FAMILIARI E CONVIVENTI,2024,266
SONDRIO,ATTI PERSECUTORI,2019,61
SONDRIO,ATTI PERSECUTORI,2020,46
SONDRIO,ATTI PERSECUTORI,2021,34
SONDRIO,ATTI PERSECUTORI,2022,42
SONDRIO,ATTI PERSECUTORI,2023,57
SONDRIO,ATTI PERSECUTORI,2024,53
SONDRIO,MALTRATTAMENTI CONTRO FAMILIARI E CONVIVENTI,2019,38
SONDRIO,MALTRATTAMENTI CONTRO FAMILIARI E CONVIVENTI,2020,44
SONDRIO,MALTRATTAMENTI CONTRO FAMILIARI E CONVIVENTI,2021,47
SONDRIO,MALTRATTAMENTI CONTRO FAMILIARI E CONVIVENTI,2022,43
SONDRIO,MALTRATTAMENTI CONTRO FAMILIARI E CONVIVENTI,2023,51
SONDRIO,MALTRATTAMENTI CONTRO FAMILIARI E CONVIVENTI,2024,59
TARANTO,ATTI PERSECUTORI,2019,191
TARANTO,ATTI PERSECUTORI,2020,212
TARANTO,ATTI PERSECUTORI,2021,228
TARANTO,ATTI PERSECUTORI,2022,208
TARANTO,ATTI PERSECUTORI,2023,252
TARANTO,ATTI PERSECUTORI,2024,289
TARANTO,MALTRATTAMENTI CONTRO FAMILIARI E CONVIVENTI,2019,206
TARANTO,MALTRATTAMENTI CONTRO FAMILIARI E CONVIVENTI,2020,210
TARANTO,MALTRATTAMENTI CONTRO FAMILIARI E CONVIVENTI,2021,215
TARANTO,MALTRATTAMENTI CONTRO FAMILIARI E CONVIVENTI,2022,250
TARANTO,MALTRATTAMENTI CONTRO FAMILIARI E CONVIVENTI,2023,272
TARANTO,MALTRATTAMENTI CONTRO FAMILIARI E CONVIVENTI,2024,315
TERAMO,ATTI PERSECUTORI,2019,102
TERAMO,ATTI PERSECUTORI,2020,115
TERAMO,ATTI PERSECUTORI,2021,107
TERAMO,ATTI PERSECUTORI,2022,118
TERAMO,ATTI PERSECUTORI,2023,105
TERAMO,ATTI PERSECUTORI,2024,106
TERAMO,MALTRATTAMENTI CONTRO FAMILIARI E CONVIVENTI,2019,135
TERAMO,MALTRATTAMENTI CONTRO FAMILIARI E CONVIVENTI,2020,169
TERAMO,MALTRATTAMENTI CONTRO FAMILIARI E CONVIVENTI,2021,144
TERAMO,MALTRATTAMENTI CONTRO FAMILIARI E CONVIVENTI,2022,126
TERAMO,MALTRATTAMENTI CONTRO FAMILIARI E CONVIVENTI,2023,148
TERAMO,MALTRATTAMENTI CONTRO FAMILIARI E CONVIVENTI,2024,172
TERNI,ATTI PERSECUTORI,2019,45
TERNI,ATTI PERSECUTORI,2020,50
TERNI,ATTI PERSECUTORI,2021,60
TERNI,ATTI PERSECUTORI,2022,61
TERNI,ATTI PERSECUTORI,2023,67
TERNI,ATTI PERSECUTORI,2024,65
TERNI,MALTRATTAMENTI CONTRO FAMILIARI E CONVIVENTI,2019,68
TERNI,MALTRATTAMENTI CONTRO FAMILIARI E CONVIVENTI,2020,67
TERNI,MALTRATTAMENTI CONTRO FAMILIARI E CONVIVENTI,2021,73
TERNI,MALTRATTAMENTI CONTRO FAMILIARI E CONVIVENTI,2022,77
TERNI,MALTRATTAMENTI CONTRO FAMILIARI E CONVIVENTI,2023,68
TERNI,MALTRATTAMENTI CONTRO FAMILIARI E CONVIVENTI,2024,87
TORINO,ATTI PERSECUTORI,2019,525
TORINO,ATTI PERSECUTORI,2020,611
TORINO,ATTI PERSECUTORI,2021,728
TORINO,ATTI PERSECUTORI,2022,721
TORINO,ATTI PERSECUTORI,2023,745
TORINO,ATTI PERSECUTORI,2024,739
TORINO,MALTRATTAMENTI CONTRO FAMILIARI E CONVIVENTI,2019,798
TORINO,MALTRATTAMENTI CONTRO FAMILIARI E CONVIVENTI,2020,888
TORINO,MALTRATTAMENTI CONTRO FAMILIARI E CONVIVENTI,2021,966
TORINO,MALTRATTAMENTI CONTRO FAMILIARI E CONVIVENTI,2022,973
TORINO,MALTRATTAMENTI CONTRO FAMILIARI E CONVIVENTI,2023,1051
TORINO,MALTRATTAMENTI CONTRO FAMILIARI E CONVIVENTI,2024,998
TRAPANI,ATTI PERSECUTORI,2019,174
TRAPANI,ATTI PERSECUTORI,2020,179
TRAPANI,ATTI PERSECUTORI,2021,196
TRAPANI,ATTI PERSECUTORI,2022,156
TRAPANI,ATTI PERSECUTORI,2023,210
TRAPANI,ATTI PERSECUTORI,2024,195
TRAPANI,MALTRATTAMENTI CONTRO FAMILIARI E CONVIVENTI,2019,215
TRAPANI,MALTRATTAMENTI CONTRO FAMILIARI E CONVIVENTI,2020,229
TRAPANI,MALTRATTAMENTI CONTRO FAMILIARI E CONVIVENTI,2021,227
TRAPANI,MALTRATTAMENTI CONTRO FAMILIARI E CONVIVENTI,2022,249
TRAPANI,MALTRATTAMENTI CONTRO FAMILIARI E CONVIVENTI,2023,276
TRAPANI,MALTRATTAMENTI CONTRO FAMILIARI E CONVIVENTI,2024,282
TRENTO,ATTI PERSECUTORI,2019,86
TRENTO,ATTI PERSECUTORI,2020,108
TRENTO,ATTI PERSECUTORI,2021,109
TRENTO,ATTI PERSECUTORI,2022,128
TRENTO,ATTI PERSECUTORI,2023,130
TRENTO,ATTI PERSECUTORI,2024,123
TRENTO,MALTRATTAMENTI CONTRO FAMILIARI E CONVIVENTI,2019,126
TRENTO,MALTRATTAMENTI CONTRO FAMILIARI E CONVIVENTI,2020,111
TRENTO,MALTRATTAMENTI CONTRO FAMILIARI E CONVIVENTI,2021,139
TRENTO,MALTRATTAMENTI CONTRO FAMILIARI E CONVIVENTI,2022,158
TRENTO,MALTRATTAMENTI CONTRO FAMILIARI E CONVIVENTI,2023,136
TRENTO,MALTRATTAMENTI CONTRO FAMILIARI E CONVIVENTI,2024,139
TREVISO,ATTI PERSECUTORI,2019,104
TREVISO,ATTI PERSECUTORI,2020,160
TREVISO,ATTI PERSECUTORI,2021,175
TREVISO,ATTI PERSECUTORI,2022,146
TREVISO,ATTI PERSECUTORI,2023,174
TREVISO,ATTI PERSECUTORI,2024,137
TREVISO,MALTRATTAMENTI CONTRO FAMILIARI E CONVIVENTI,2019,148
TREVISO,MALTRATTAMENTI CONTRO FAMILIARI E CONVIVENTI,2020,177
TREVISO,MALTRATTAMENTI CONTRO FAMILIARI E CONVIVENTI,2021,203
TREVISO,MALTRATTAMENTI CONTRO FAMILIARI E CONVIVENTI,2022,189
TREVISO,MALTRATTAMENTI CONTRO FAMILIARI E CONVIVENTI,2023,174
TREVISO,MALTRATTAMENTI CONTRO FAMILIARI E CONVIVENTI,2024,199
TRIESTE,ATTI PERSECUTORI,2019,78
TRIESTE,ATTI PERSECUTORI,2020,99
TRIESTE,ATTI PERSECUTORI,2021,107
TRIESTE,ATTI PERSECUTORI,2022,86
TRIESTE,ATTI PERSECUTORI,2023,91
TRIESTE,ATTI PERSECUTORI,2024,93
TRIESTE,MALTRATTAMENTI CONTRO FAMILIARI E CONVIVENTI,2019,114
TRIESTE,MALTRATTAMENTI CONTRO FAMILIARI E CONVIVENTI,2020,119
TRIESTE,MALTRATTAMENTI CONTRO FAMILIARI E CONVIVENTI,2021,145
TRIESTE,MALTRATTAMENTI CONTRO FAMILIARI E CONVIVENTI,2022,139
TRIESTE,MALTRATTAMENTI CONTRO FAMILIARI E CONVIVENTI,2023,120
TRIESTE,MALTRATTAMENTI CONTRO FAMILIARI E CONVIVENTI,2024,162
UDINE,ATTI PERSECUTORI,2019,73
UDINE,ATTI PERSECUTORI,2020,77
UDINE,ATTI PERSECUTORI,2021,77
UDINE,ATTI PERSECUTORI,2022,78
UDINE,ATTI PERSECUTORI,2023,83
UDINE,ATTI PERSECUTORI,2024,117
UDINE,MALTRATTAMENTI CONTRO FAMILIARI E CONVIVENTI,2019,72
UDINE,MALTRATTAMENTI CONTRO FAMILIARI E CONVIVENTI,2020,87
UDINE,MALTRATTAMENTI CONTRO FAMILIARI E CONVIVENTI,2021,112
UDINE,MALTRATTAMENTI CONTRO FAMILIARI E CONVIVENTI,2022,117
UDINE,MALTRATTAMENTI CONTRO FAMILIARI E CONVIVENTI,2023,102
UDINE,MALTRATTAMENTI CONTRO FAMILIARI E CONVIVENTI,2024,146
VARESE,ATTI PERSECUTORI,2019,195
VARESE,ATTI PERSECUTORI,2020,170
VARESE,ATTI PERSECUTORI,2021,225
VARESE,ATTI PERSECUTORI,2022,281
VARESE,ATTI PERSECUTORI,2023,263
VARESE,ATTI PERSECUTORI,2024,245
VARESE,MALTRATTAMENTI CONTRO FAMILIARI E CONVIVENTI,2019,246
VARESE,MALTRATTAMENTI CONTRO FAMILIARI E CONVIVENTI,2020,298
VARESE,MALTRATTAMENTI CONTRO FAMILIARI E CONVIVENTI,2021,332
VARESE,MALTRATTAMENTI CONTRO FAMILIARI E CONVIVENTI,2022,341
VARESE,MALTRATTAMENTI CONTRO FAMILIARI E CONVIVENTI,2023,343
VARESE,MALTRATTAMENTI CONTRO FAMILIARI E CONVIVENTI,2024,341
VENEZIA,ATTI PERSECUTORI,2019,189
VENEZIA,ATTI PERSECUTORI,2020,166
VENEZIA,ATTI PERSECUTORI,2021,163
VENEZIA,ATTI PERSECUTORI,2022,194
VENEZIA,ATTI PERSECUTORI,2023,173
VENEZIA,ATTI PERSECUTORI,2024,245
VENEZIA,MALTRATTAMENTI CONTRO FAMILIARI E CONVIVENTI,2019,240
VENEZIA,MALTRATTAMENTI CONTRO FAMILIARI E CONVIVENTI,2020,234
VENEZIA,MALTRATTAMENTI CONTRO FAMILIARI E CONVIVENTI,2021,242
VENEZIA,MALTRATTAMENTI CONTRO FAMILIARI E CONVIVENTI,2022,277
VENEZIA,MALTRATTAMENTI CONTRO FAMILIARI E CONVIVENTI,2023,297
VENEZIA,MALTRATTAMENTI CONTRO FAMILIARI E CONVIVENTI,2024,298
VERBANIA,ATTI PERSECUTORI,2019,76
VERBANIA,ATTI PERSECUTORI,2020,45
VERBANIA,ATTI PERSECUTORI,2021,35
VERBANIA,ATTI PERSECUTORI,2022,59
VERBANIA,ATTI PERSECUTORI,2023,50
VERBANIA,ATTI PERSECUTORI,2024,49
VERBANIA,MALTRATTAMENTI CONTRO FAMILIARI E CONVIVENTI,2019,22
VERBANIA,MALTRATTAMENTI CONTRO FAMILIARI E CONVIVENTI,2020,37
VERBANIA,MALTRATTAMENTI CONTRO FAMILIARI E CONVIVENTI,2021,29
VERBANIA,MALTRATTAMENTI CONTRO FAMILIARI E CONVIVENTI,2022,45
VERBANIA,MALTRATTAMENTI CONTRO FAMILIARI E CONVIVENTI,2023,61
VERBANIA,MALTRATTAMENTI CONTRO FAMILIARI E CONVIVENTI,2024,50
VERCELLI,ATTI PERSECUTORI,2019,44
VERCELLI,ATTI PERSECUTORI,2020,33
VERCELLI,ATTI PERSECUTORI,2021,33
VERCELLI,ATTI PERSECUTORI,2022,44
VERCELLI,ATTI PERSECUTORI,2023,53
VERCELLI,ATTI PERSECUTORI,2024,49
VERCELLI,MALTRATTAMENTI CONTRO FAMILIARI E CONVIVENTI,2019,86
VERCELLI,MALTRATTAMENTI CONTRO FAMILIARI E CONVIVENTI,2020,55
VERCELLI,MALTRATTAMENTI CONTRO FAMILIARI E CONVIVENTI,2021,63
VERCELLI,MALTRATTAMENTI CONTRO FAMILIARI E CONVIVENTI,2022,46
VERCELLI,MALTRATTAMENTI CONTRO FAMILIARI E CONVIVENTI,2023,66
VERCELLI,MALTRATTAMENTI CONTRO FAMILIARI E CONVIVENTI,2024,59
VERONA,ATTI PERSECUTORI,2019,149
VERONA,ATTI PERSECUTORI,2020,125
VERONA,ATTI PERSECUTORI,2021,172
VERONA,ATTI PERSECUTORI,2022,143
VERONA,ATTI PERSECUTORI,2023,203
VERONA,ATTI PERSECUTORI,2024,180
VERONA,MALTRATTAMENTI CONTRO FAMILIARI E CONVIVENTI,2019,220
VERONA,MALTRATTAMENTI CONTRO FAMILIARI E CONVIVENTI,2020,229
VERONA,MALTRATTAMENTI CONTRO FAMILIARI E CONVIVENTI,2021,239
VERONA,MALTRATTAMENTI CONTRO FAMILIARI E CONVIVENTI,2022,267
VERONA,MALTRATTAMENTI CONTRO FAMILIARI E CONVIVENTI,2023,299
VERONA,MALTRATTAMENTI CONTRO FAMILIARI E CONVIVENTI,2024,322
VIBO VALENTIA,ATTI PERSECUTORI,2019,54
VIBO VALENTIA,ATTI PERSECUTORI,2020,51
VIBO VALENTIA,ATTI PERSECUTORI,2021,56
VIBO VALENTIA,ATTI PERSECUTORI,2022,51
VIBO VALENTIA,ATTI PERSECUTORI,2023,73
VIBO VALENTIA,ATTI PERSECUTORI,2024,64
VIBO VALENTIA,MALTRATTAMENTI CONTRO FAMILIARI E CONVIVENTI,2019,53
VIBO VALENTIA,MALTRATTAMENTI CONTRO FAMILIARI E CONVIVENTI,2020,51
VIBO VALENTIA,MALTRATTAMENTI CONTRO FAMILIARI E CONVIVENTI,2021,68
VIBO VALENTIA,MALTRATTAMENTI CONTRO FAMILIARI E CONVIVENTI,2022,51
VIBO VALENTIA,MALTRATTAMENTI CONTRO FAMILIARI E CONVIVENTI,2023,53
VIBO VALENTIA,MALTRATTAMENTI CONTRO FAMILIARI E CONVIVENTI,2024,60
VICENZA,ATTI PERSECUTORI,2019,116
VICENZA,ATTI PERSECUTORI,2020,147
VICENZA,ATTI PERSECUTORI,2021,136
VICENZA,ATTI PERSECUTORI,2022,164
VICENZA,ATTI PERSECUTORI,2023,191
VICENZA,ATTI PERSECUTORI,2024,235
VICENZA,MALTRATTAMENTI CONTRO FAMILIARI E CONVIVENTI,2019,179
VICENZA,MALTRATTAMENTI CONTRO FAMILIARI E CONVIVENTI,2020,199
VICENZA,MALTRATTAMENTI CONTRO FAMILIARI E CONVIVENTI,2021,306
VICENZA,MALTRATTAMENTI CONTRO FAMILIARI E CONVIVENTI,2022,329
VICENZA,MALTRATTAMENTI CONTRO FAMILIARI E CONVIVENTI,2023,313
VICENZA,MALTRATTAMENTI CONTRO FAMILIARI E CONVIVENTI,2024,356
VITERBO,ATTI PERSECUTORI,2019,103
VITERBO,ATTI PERSECUTORI,2020,96
VITERBO,ATTI PERSECUTORI,2021,129
VITERBO,ATTI PERSECUTORI,2022,91
VITERBO,ATTI PERSECUTORI,2023,96
VITERBO,ATTI PERSECUTORI,2024,146
VITERBO,MALTRATTAMENTI CONTRO FAMILIARI E CONVIVENTI,2019,139
VITERBO,MALTRATTAMENTI CONTRO FAMILIARI E CONVIVENTI,2020,109
VITERBO,MALTRATTAMENTI CONTRO FAMILIARI E CONVIVENTI,2021,157
VITERBO,MALTRATTAMENTI CONTRO FAMILIARI E CONVIVENTI,2022,163
VITERBO,MALTRATTAMENTI CONTRO FAMILIARI E CONVIVENTI,2023,148
VITERBO,MALTRATTAMENTI CONTRO FAMILIARI E CONVIVENTI,2024,157
NON LOCALIZZATA,ATTI PERSECUTORI,2019,46
NON LOCALIZZATA,ATTI PERSECUTORI,2020,44
NON LOCALIZZATA,ATTI PERSECUTORI,2021,34
NON LOCALIZZATA,ATTI PERSECUTORI,2022,43
NON LOCALIZZATA,ATTI PERSECUTORI,2023,38
NON LOCALIZZATA,ATTI PERSECUTORI,2024,46
NON LOCALIZZATA,MALTRATTAMENTI CONTRO FAMILIARI E CONVIVENTI,2019,17
NON LOCALIZZATA,MALTRATTAMENTI CONTRO FAMILIARI E CONVIVENTI,2020,20
NON LOCALIZZATA,MALTRATTAMENTI CONTRO FAMILIARI E CONVIVENTI,2021,25
NON LOCALIZZATA,MALTRATTAMENTI CONTRO FAMILIARI E CONVIVENTI,2022,13
NON LOCALIZZATA,MALTRATTAMENTI CONTRO FAMILIARI E CONVIVENTI,2023,19
NON LOCALIZZATA,MALTRATTAMENTI CONTRO FAMILIARI E CONVIVENTI,2024,18
